title;year;Runtime;Genre;IMDB_Rating;Director;Star1;Gross
The Shawshank Redemption;1994;142 min;Drama;9.3;Frank Darabont;Tim Robbins;28,341,469
The Godfather;1972;175 min;Crime, Drama;9.2;Francis Ford Coppola;Marlon Brando;134,966,411
The Dark Knight;2008;152 min;Action, Crime, Drama;9;Christopher Nolan;Christian Bale;534,858,444
The Godfather: Part II;1974;202 min;Crime, Drama;9;Francis Ford Coppola;Al Pacino;57,300,000
12 Angry Men;1957;96 min;Crime, Drama;9;Sidney Lumet;Henry Fonda;4,360,000
The Lord of the Rings: The Return of the King;2003;201 min;Action, Adventure, Drama;8.9;Peter Jackson;Elijah Wood;377,845,905
Pulp Fiction;1994;154 min;Crime, Drama;8.9;Quentin Tarantino;John Travolta;107,928,762
Schindler's List;1993;195 min;Biography, Drama, History;8.9;Steven Spielberg;Liam Neeson;96,898,818
Inception;2010;148 min;Action, Adventure, Sci-Fi;8.8;Christopher Nolan;Leonardo DiCaprio;292,576,195
Fight Club;1999;139 min;Drama;8.8;David Fincher;Brad Pitt;37,030,102
The Lord of the Rings: The Fellowship of the Ring;2001;178 min;Action, Adventure, Drama;8.8;Peter Jackson;Elijah Wood;315,544,750
Forrest Gump;1994;142 min;Drama, Romance;8.8;Robert Zemeckis;Tom Hanks;330,252,182
Il buono, il brutto, il cattivo;1966;161 min;Western;8.8;Sergio Leone;Clint Eastwood;6,100,000
The Lord of the Rings: The Two Towers;2002;179 min;Action, Adventure, Drama;8.7;Peter Jackson;Elijah Wood;342,551,365
The Matrix;1999;136 min;Action, Sci-Fi;8.7;Lana Wachowski;Lilly Wachowski;171,479,930
Goodfellas;1990;146 min;Biography, Crime, Drama;8.7;Martin Scorsese;Robert De Niro;46,836,394
Star Wars: Episode V - The Empire Strikes Back;1980;124 min;Action, Adventure, Fantasy;8.7;Irvin Kershner;Mark Hamill;290,475,067
One Flew Over the Cuckoo's Nest;1975;133 min;Drama;8.7;Milos Forman;Jack Nicholson;112,000,000
Hamilton;2020;160 min;Biography, Drama, History;8.6;Thomas Kail;Lin-Manuel Miranda;
Gisaengchung;2019;132 min;Comedy, Drama, Thriller;8.6;Bong Joon Ho;Kang-ho Song;53,367,844
Soorarai Pottru;2020;153 min;Drama;8.6;Sudha Kongara;Suriya;
Interstellar;2014;169 min;Adventure, Drama, Sci-Fi;8.6;Christopher Nolan;Matthew McConaughey;188,020,017
Cidade de Deus;2002;130 min;Crime, Drama;8.6;Fernando Meirelles;Kátia Lund;7,563,397
Sen to Chihiro no kamikakushi;2001;125 min;Animation, Adventure, Family;8.6;Hayao Miyazaki;Daveigh Chase;10,055,859
Saving Private Ryan;1998;169 min;Drama, War;8.6;Steven Spielberg;Tom Hanks;216,540,909
The Green Mile;1999;189 min;Crime, Drama, Fantasy;8.6;Frank Darabont;Tom Hanks;136,801,374
La vita è bella;1997;116 min;Comedy, Drama, Romance;8.6;Roberto Benigni;Roberto Benigni;57,598,247
Se7en;1995;127 min;Crime, Drama, Mystery;8.6;David Fincher;Morgan Freeman;100,125,643
The Silence of the Lambs;1991;118 min;Crime, Drama, Thriller;8.6;Jonathan Demme;Jodie Foster;130,742,922
Star Wars;1977;121 min;Action, Adventure, Fantasy;8.6;George Lucas;Mark Hamill;322,740,140
Seppuku;1962;133 min;Action, Drama, Mystery;8.6;Masaki Kobayashi;Tatsuya Nakadai;
Shichinin no samurai;1954;207 min;Action, Adventure, Drama;8.6;Akira Kurosawa;Toshirô Mifune;269,061
It's a Wonderful Life;1946;130 min;Drama, Family, Fantasy;8.6;Frank Capra;James Stewart;
Joker;2019;122 min;Crime, Drama, Thriller;8.5;Todd Phillips;Joaquin Phoenix;335,451,311
Whiplash;2014;106 min;Drama, Music;8.5;Damien Chazelle;Miles Teller;13,092,000
The Intouchables;2011;112 min;Biography, Comedy, Drama;8.5;Olivier Nakache;Éric Toledano;13,182,281
The Prestige;2006;130 min;Drama, Mystery, Sci-Fi;8.5;Christopher Nolan;Christian Bale;53,089,891
The Departed;2006;151 min;Crime, Drama, Thriller;8.5;Martin Scorsese;Leonardo DiCaprio;132,384,315
The Pianist;2002;150 min;Biography, Drama, Music;8.5;Roman Polanski;Adrien Brody;32,572,577
Gladiator;2000;155 min;Action, Adventure, Drama;8.5;Ridley Scott;Russell Crowe;187,705,427
American History X;1998;119 min;Drama;8.5;Tony Kaye;Edward Norton;6,719,864
The Usual Suspects;1995;106 min;Crime, Mystery, Thriller;8.5;Bryan Singer;Kevin Spacey;23,341,568
Léon;1994;110 min;Action, Crime, Drama;8.5;Luc Besson;Jean Reno;19,501,238
The Lion King;1994;88 min;Animation, Adventure, Drama;8.5;Roger Allers;Rob Minkoff;422,783,777
Terminator 2: Judgment Day;1991;137 min;Action, Sci-Fi;8.5;James Cameron;Arnold Schwarzenegger;204,843,350
Nuovo Cinema Paradiso;1988;155 min;Drama, Romance;8.5;Giuseppe Tornatore;Philippe Noiret;11,990,401
Hotaru no haka;1988;89 min;Animation, Drama, War;8.5;Isao Takahata;Tsutomu Tatsumi;
Back to the Future;1985;116 min;Adventure, Comedy, Sci-Fi;8.5;Robert Zemeckis;Michael J. Fox;210,609,762
Once Upon a Time in the West;1968;165 min;Western;8.5;Sergio Leone;Henry Fonda;5,321,508
Psycho;1960;109 min;Horror, Mystery, Thriller;8.5;Alfred Hitchcock;Anthony Perkins;32,000,000
Casablanca;1942;102 min;Drama, Romance, War;8.5;Michael Curtiz;Humphrey Bogart;1,024,560
Modern Times;1936;87 min;Comedy, Drama, Family;8.5;Charles Chaplin;Charles Chaplin;163,245
City Lights;1931;87 min;Comedy, Drama, Romance;8.5;Charles Chaplin;Charles Chaplin;19,181
Capharnaüm;2018;126 min;Drama;8.4;Nadine Labaki;Zain Al Rafeea;1,661,096
Ayla: The Daughter of War;2017;125 min;Biography, Drama, History;8.4;Can Ulkay;Erdem Can;
Vikram Vedha;2017;147 min;Action, Crime, Drama;8.4;Gayatri;Pushkar;
Kimi no na wa.;2016;106 min;Animation, Drama, Fantasy;8.4;Makoto Shinkai;Ryûnosuke Kamiki;5,017,246
Dangal;2016;161 min;Action, Biography, Drama;8.4;Nitesh Tiwari;Aamir Khan;12,391,761
Spider-Man: Into the Spider-Verse;2018;117 min;Animation, Action, Adventure;8.4;Bob Persichetti;Peter Ramsey;190,241,310
Avengers: Endgame;2019;181 min;Action, Adventure, Drama;8.4;Anthony Russo;Joe Russo;858,373,000
Avengers: Infinity War;2018;149 min;Action, Adventure, Sci-Fi;8.4;Anthony Russo;Joe Russo;678,815,482
Coco;2017;105 min;Animation, Adventure, Family;8.4;Lee Unkrich;Adrian Molina;209,726,015
Django Unchained;2012;165 min;Drama, Western;8.4;Quentin Tarantino;Jamie Foxx;162,805,434
The Dark Knight Rises;2012;164 min;Action, Adventure;8.4;Christopher Nolan;Christian Bale;448,139,099
3 Idiots;2009;170 min;Comedy, Drama;8.4;Rajkumar Hirani;Aamir Khan;6,532,908
Taare Zameen Par;2007;165 min;Drama, Family;8.4;Aamir Khan;Amole Gupte;1,223,869
WALL·E;2008;98 min;Animation, Adventure, Family;8.4;Andrew Stanton;Ben Burtt;223,808,164
The Lives of Others;2006;137 min;Drama, Mystery, Thriller;8.4;Florian Henckel von Donnersmarck;Ulrich Mühe;11,286,112
Oldeuboi;2003;101 min;Action, Drama, Mystery;8.4;Chan-wook Park;Choi Min-sik;707,481
Memento;2000;113 min;Mystery, Thriller;8.4;Christopher Nolan;Guy Pearce;25,544,867
Mononoke-hime;1997;134 min;Animation, Action, Adventure;8.4;Hayao Miyazaki;Yôji Matsuda;2,375,308
Once Upon a Time in America;1984;229 min;Crime, Drama;8.4;Sergio Leone;Robert De Niro;5,321,508
Raiders of the Lost Ark;1981;115 min;Action, Adventure;8.4;Steven Spielberg;Harrison Ford;248,159,971
The Shining;1980;146 min;Drama, Horror;8.4;Stanley Kubrick;Jack Nicholson;44,017,374
Apocalypse Now;1979;147 min;Drama, Mystery, War;8.4;Francis Ford Coppola;Martin Sheen;83,471,511
Alien;1979;117 min;Horror, Sci-Fi;8.4;Ridley Scott;Sigourney Weaver;78,900,000
Anand;1971;122 min;Drama, Musical;8.4;Hrishikesh Mukherjee;Rajesh Khanna;
Tengoku to jigoku;1963;143 min;Crime, Drama, Mystery;8.4;Akira Kurosawa;Toshirô Mifune;
Dr. Strangelove or: How I Learned to Stop Worrying and Love the Bomb;1964;95 min;Comedy;8.4;Stanley Kubrick;Peter Sellers;275,902
Witness for the Prosecution;1957;116 min;Crime, Drama, Mystery;8.4;Billy Wilder;Tyrone Power;8,175,000
Paths of Glory;1957;88 min;Drama, War;8.4;Stanley Kubrick;Kirk Douglas;
Rear Window;1954;112 min;Mystery, Thriller;8.4;Alfred Hitchcock;James Stewart;36,764,313
Sunset Blvd.;1950;110 min;Drama, Film-Noir;8.4;Billy Wilder;William Holden;
The Great Dictator;1940;125 min;Comedy, Drama, War;8.4;Charles Chaplin;Charles Chaplin;288,475
1917;2019;119 min;Drama, Thriller, War;8.3;Sam Mendes;Dean-Charles Chapman;159,227,644
Tumbbad;2018;104 min;Drama, Fantasy, Horror;8.3;Rahi Anil Barve;Anand Gandhi;
Andhadhun;2018;139 min;Crime, Drama, Music;8.3;Sriram Raghavan;Ayushmann Khurrana;1,373,943
Drishyam;2013;160 min;Crime, Drama, Thriller;8.3;Jeethu Joseph;Mohanlal;
Jagten;2012;115 min;Drama;8.3;Thomas Vinterberg;Mads Mikkelsen;687,185
Jodaeiye Nader az Simin;2011;123 min;Drama;8.3;Asghar Farhadi;Payman Maadi;7,098,492
Incendies;2010;131 min;Drama, Mystery, War;8.3;Denis Villeneuve;Lubna Azabal;6,857,096
Miracle in cell NO.7;2019;132 min;Drama;8.3;Mehmet Ada Öztekin;Aras Bulut Iynemli;
Babam ve Oglum;2005;112 min;Drama, Family;8.3;Çagan Irmak;Çetin Tekindor;
Inglourious Basterds;2009;153 min;Adventure, Drama, War;8.3;Quentin Tarantino;Brad Pitt;120,540,719
Eternal Sunshine of the Spotless Mind;2004;108 min;Drama, Romance, Sci-Fi;8.3;Michel Gondry;Jim Carrey;34,400,301
Amélie;2001;122 min;Comedy, Romance;8.3;Jean-Pierre Jeunet;Audrey Tautou;33,225,499
Snatch;2000;104 min;Comedy, Crime;8.3;Guy Ritchie;Jason Statham;30,328,156
Requiem for a Dream;2000;102 min;Drama;8.3;Darren Aronofsky;Ellen Burstyn;3,635,482
American Beauty;1999;122 min;Drama;8.3;Sam Mendes;Kevin Spacey;130,096,601
Good Will Hunting;1997;126 min;Drama, Romance;8.3;Gus Van Sant;Robin Williams;138,433,435
Bacheha-Ye aseman;1997;89 min;Drama, Family, Sport;8.3;Majid Majidi;Mohammad Amir Naji;933,933
Toy Story;1995;81 min;Animation, Adventure, Comedy;8.3;John Lasseter;Tom Hanks;191,796,233
Braveheart;1995;178 min;Biography, Drama, History;8.3;Mel Gibson;Mel Gibson;75,600,000
Reservoir Dogs;1992;99 min;Crime, Drama, Thriller;8.3;Quentin Tarantino;Harvey Keitel;2,832,029
Full Metal Jacket;1987;116 min;Drama, War;8.3;Stanley Kubrick;Matthew Modine;46,357,676
Idi i smotri;1985;142 min;Drama, Thriller, War;8.3;Elem Klimov;Aleksey Kravchenko;
Aliens;1986;137 min;Action, Adventure, Sci-Fi;8.3;James Cameron;Sigourney Weaver;85,160,248
Amadeus;1984;160 min;Biography, Drama, History;8.3;Milos Forman;F. Murray Abraham;51,973,029
Scarface;1983;170 min;Crime, Drama;8.3;Brian De Palma;Al Pacino;45,598,982
Star Wars: Episode VI - Return of the Jedi;1983;131 min;Action, Adventure, Fantasy;8.3;Richard Marquand;Mark Hamill;309,125,409
Das Boot;1981;149 min;Adventure, Drama, Thriller;8.3;Wolfgang Petersen;Jürgen Prochnow;11,487,676
Taxi Driver;1976;114 min;Crime, Drama;8.3;Martin Scorsese;Robert De Niro;28,262,574
The Sting;1973;129 min;Comedy, Crime, Drama;8.3;George Roy Hill;Paul Newman;159,600,000
A Clockwork Orange;1971;136 min;Crime, Drama, Sci-Fi;8.3;Stanley Kubrick;Malcolm McDowell;6,207,725
2001: A Space Odyssey;1968;149 min;Adventure, Sci-Fi;8.3;Stanley Kubrick;Keir Dullea;56,954,992
Per qualche dollaro in più;1965;132 min;Western;8.3;Sergio Leone;Clint Eastwood;15,000,000
Lawrence of Arabia;1962;228 min;Adventure, Biography, Drama;8.3;David Lean;Peter O'Toole;44,824,144
The Apartment;1960;125 min;Comedy, Drama, Romance;8.3;Billy Wilder;Jack Lemmon;18,600,000
North by Northwest;1959;136 min;Adventure, Mystery, Thriller;8.3;Alfred Hitchcock;Cary Grant;13,275,000
Vertigo;1958;128 min;Mystery, Romance, Thriller;8.3;Alfred Hitchcock;James Stewart;3,200,000
Singin' in the Rain;1952;103 min;Comedy, Musical, Romance;8.3;Stanley Donen;Gene Kelly;8,819,028
Ikiru;1952;143 min;Drama;8.3;Akira Kurosawa;Takashi Shimura;55,240
Ladri di biciclette;1948;89 min;Drama;8.3;Vittorio De Sica;Lamberto Maggiorani;332,930
Double Indemnity;1944;107 min;Crime, Drama, Film-Noir;8.3;Billy Wilder;Fred MacMurray;5,720,000
Citizen Kane;1941;119 min;Drama, Mystery;8.3;Orson Welles;Orson Welles;1,585,634
M - Eine Stadt sucht einen Mörder;1931;117 min;Crime, Mystery, Thriller;8.3;Fritz Lang;Peter Lorre;28,877
Metropolis;1927;153 min;Drama, Sci-Fi;8.3;Fritz Lang;Brigitte Helm;1,236,166
The Kid;1921;68 min;Comedy, Drama, Family;8.3;Charles Chaplin;Charles Chaplin;5,450,000
Chhichhore;2019;143 min;Comedy, Drama;8.2;Nitesh Tiwari;Sushant Singh Rajput;898,575
Uri: The Surgical Strike;2018;138 min;Action, Drama, War;8.2;Aditya Dhar;Vicky Kaushal;4,186,168
K.G.F: Chapter 1;2018;156 min;Action, Drama;8.2;Prashanth Neel;Yash;
Green Book;2018;130 min;Biography, Comedy, Drama;8.2;Peter Farrelly;Viggo Mortensen;85,080,171
Three Billboards Outside Ebbing, Missouri;2017;115 min;Comedy, Crime, Drama;8.2;Martin McDonagh;Frances McDormand;54,513,740
Talvar;2015;132 min;Crime, Drama, Mystery;8.2;Meghna Gulzar;Irrfan Khan;342,370
Baahubali 2: The Conclusion;2017;167 min;Action, Drama;8.2;S.S. Rajamouli;Prabhas;20,186,659
Klaus;2019;96 min;Animation, Adventure, Comedy;8.2;Sergio Pablos;Carlos Martínez López;
Drishyam;2015;163 min;Crime, Drama, Mystery;8.2;Nishikant Kamat;Ajay Devgn;739,478
Queen;2013;146 min;Adventure, Comedy, Drama;8.2;Vikas Bahl;Kangana Ranaut;1,429,534
Mandariinid;2013;87 min;Drama, War;8.2;Zaza Urushadze;Lembit Ulfsak;144,501
Bhaag Milkha Bhaag;2013;186 min;Biography, Drama, Sport;8.2;Rakeysh Omprakash Mehra;Farhan Akhtar;1,626,289
Gangs of Wasseypur;2012;321 min;Action, Comedy, Crime;8.2;Anurag Kashyap;Manoj Bajpayee;
Udaan;2010;134 min;Drama;8.2;Vikramaditya Motwane;Rajat Barmecha;7,461
Paan Singh Tomar;2012;135 min;Action, Biography, Crime;8.2;Tigmanshu Dhulia;Irrfan Khan;39,567
El secreto de sus ojos;2009;129 min;Drama, Mystery, Romance;8.2;Juan José Campanella;Ricardo Darín;6,391,436
Warrior;2011;140 min;Action, Drama, Sport;8.2;Gavin O'Connor;Tom Hardy;13,657,115
Shutter Island;2010;138 min;Mystery, Thriller;8.2;Martin Scorsese;Leonardo DiCaprio;128,012,934
Up;2009;96 min;Animation, Adventure, Comedy;8.2;Pete Docter;Bob Peterson;293,004,164
The Wolf of Wall Street;2013;180 min;Biography, Crime, Drama;8.2;Martin Scorsese;Leonardo DiCaprio;116,900,694
Chak De! India;2007;153 min;Drama, Family, Sport;8.2;Shimit Amin;Shah Rukh Khan;1,113,541
There Will Be Blood;2007;158 min;Drama;8.2;Paul Thomas Anderson;Daniel Day-Lewis;40,222,514
Pan's Labyrinth;2006;118 min;Drama, Fantasy, War;8.2;Guillermo del Toro;Ivana Baquero;37,634,615
Toy Story 3;2010;103 min;Animation, Adventure, Comedy;8.2;Lee Unkrich;Tom Hanks;415,004,880
V for Vendetta;2005;132 min;Action, Drama, Sci-Fi;8.2;James McTeigue;Hugo Weaving;70,511,035
Rang De Basanti;2006;167 min;Comedy, Crime, Drama;8.2;Rakeysh Omprakash Mehra;Aamir Khan;2,197,331
Black;2005;122 min;Drama;8.2;Sanjay Leela Bhansali;Amitabh Bachchan;733,094
Batman Begins;2005;140 min;Action, Adventure;8.2;Christopher Nolan;Christian Bale;206,852,432
Swades: We, the People;2004;210 min;Drama;8.2;Ashutosh Gowariker;Shah Rukh Khan;1,223,240
Der Untergang;2004;156 min;Biography, Drama, History;8.2;Oliver Hirschbiegel;Bruno Ganz;5,509,040
Hauru no ugoku shiro;2004;119 min;Animation, Adventure, Family;8.2;Hayao Miyazaki;Chieko Baishô;4,711,096
A Beautiful Mind;2001;135 min;Biography, Drama;8.2;Ron Howard;Russell Crowe;170,742,341
Hera Pheri;2000;156 min;Action, Comedy, Crime;8.2;Priyadarshan;Akshay Kumar;
Lock, Stock and Two Smoking Barrels;1998;107 min;Action, Comedy, Crime;8.2;Guy Ritchie;Jason Flemyng;3,897,569
L.A. Confidential;1997;138 min;Crime, Drama, Mystery;8.2;Curtis Hanson;Kevin Spacey;64,616,940
Eskiya;1996;128 min;Crime, Drama, Thriller;8.2;Yavuz Turgul;Sener Sen;
Heat;1995;170 min;Crime, Drama, Thriller;8.2;Michael Mann;Al Pacino;67,436,818
Casino;1995;178 min;Crime, Drama;8.2;Martin Scorsese;Robert De Niro;42,438,300
Andaz Apna Apna;1994;160 min;Action, Comedy, Romance;8.2;Rajkumar Santoshi;Aamir Khan;
Unforgiven;1992;130 min;Drama, Western;8.2;Clint Eastwood;Clint Eastwood;101,157,447
Indiana Jones and the Last Crusade;1989;127 min;Action, Adventure;8.2;Steven Spielberg;Harrison Ford;197,171,806
Dom za vesanje;1988;142 min;Comedy, Crime, Drama;8.2;Emir Kusturica;Davor Dujmovic;280,015
Tonari no Totoro;1988;86 min;Animation, Family, Fantasy;8.2;Hayao Miyazaki;Hitoshi Takagi;1,105,564
Die Hard;1988;132 min;Action, Thriller;8.2;John McTiernan;Bruce Willis;83,008,852
Ran;1985;162 min;Action, Drama, War;8.2;Akira Kurosawa;Tatsuya Nakadai;4,135,750
Raging Bull;1980;129 min;Biography, Drama, Sport;8.2;Martin Scorsese;Robert De Niro;23,383,987
Stalker;1979;162 min;Drama, Sci-Fi;8.2;Andrei Tarkovsky;Alisa Freyndlikh;234,723
Höstsonaten;1978;99 min;Drama, Music;8.2;Ingmar Bergman;Ingrid Bergman;
The Message;1976;177 min;Biography, Drama, History;8.2;Moustapha Akkad;Anthony Quinn;
Sholay;1975;204 min;Action, Adventure, Comedy;8.2;Ramesh Sippy;Sanjeev Kumar;
Monty Python and the Holy Grail;1975;91 min;Adventure, Comedy, Fantasy;8.2;Terry Gilliam;Terry Jones;1,229,197
The Great Escape;1963;172 min;Adventure, Drama, History;8.2;John Sturges;Steve McQueen;12,100,000
To Kill a Mockingbird;1962;129 min;Crime, Drama;8.2;Robert Mulligan;Gregory Peck;
Yôjinbô;1961;110 min;Action, Drama, Thriller;8.2;Akira Kurosawa;Toshirô Mifune;
Judgment at Nuremberg;1961;179 min;Drama, War;8.2;Stanley Kramer;Spencer Tracy;
Some Like It Hot;1959;121 min;Comedy, Music, Romance;8.2;Billy Wilder;Marilyn Monroe;25,000,000
Smultronstället;1957;91 min;Drama, Romance;8.2;Ingmar Bergman;Victor Sjöström;
Det sjunde inseglet;1957;96 min;Drama, Fantasy, History;8.2;Ingmar Bergman;Max von Sydow;
Du rififi chez les hommes;1955;118 min;Crime, Drama, Thriller;8.2;Jules Dassin;Jean Servais;57,226
Dial M for Murder;1954;105 min;Crime, Thriller;8.2;Alfred Hitchcock;Ray Milland;12,562
Tôkyô monogatari;1953;136 min;Drama;8.2;Yasujirô Ozu;Chishû Ryû;
Rashômon;1950;88 min;Crime, Drama, Mystery;8.2;Akira Kurosawa;Toshirô Mifune;96,568
All About Eve;1950;138 min;Drama;8.2;Joseph L. Mankiewicz;Bette Davis;10,177
The Treasure of the Sierra Madre;1948;126 min;Adventure, Drama, Western;8.2;John Huston;Humphrey Bogart;5,014,000
To Be or Not to Be;1942;99 min;Comedy, War;8.2;Ernst Lubitsch;Carole Lombard;
The Gold Rush;1925;95 min;Adventure, Comedy, Drama;8.2;Charles Chaplin;Charles Chaplin;5,450,000
Sherlock Jr.;1924;45 min;Action, Comedy, Romance;8.2;Buster Keaton;Buster Keaton;977,375
Portrait de la jeune fille en feu;2019;122 min;Drama, Romance;8.1;Céline Sciamma;Noémie Merlant;3,759,854
Pink;2016;136 min;Drama, Thriller;8.1;Aniruddha Roy Chowdhury;Taapsee Pannu;1,241,223
Koe no katachi;2016;130 min;Animation, Drama, Family;8.1;Naoko Yamada;Miyu Irino;
Contratiempo;2016;106 min;Crime, Drama, Mystery;8.1;Oriol Paulo;Mario Casas;
Ah-ga-ssi;2016;145 min;Drama, Romance, Thriller;8.1;Chan-wook Park;Kim Min-hee;2,006,788
Mommy;2014;139 min;Drama;8.1;Xavier Dolan;Anne Dorval;3,492,754
Haider;2014;160 min;Action, Crime, Drama;8.1;Vishal Bhardwaj;Shahid Kapoor;901,610
Logan;2017;137 min;Action, Drama, Sci-Fi;8.1;James Mangold;Hugh Jackman;226,277,068
Room;2015;118 min;Drama, Thriller;8.1;Lenny Abrahamson;Brie Larson;14,677,674
Relatos salvajes;2014;122 min;Comedy, Drama, Thriller;8.1;Damián Szifron;Darío Grandinetti;3,107,072
Soul;2020;100 min;Animation, Adventure, Comedy;8.1;Pete Docter;Kemp Powers;
Kis Uykusu;2014;196 min;Drama;8.1;Nuri Bilge Ceylan;Haluk Bilginer;165,520
PK;2014;153 min;Comedy, Drama, Musical;8.1;Rajkumar Hirani;Aamir Khan;10,616,104
OMG: Oh My God!;2012;125 min;Comedy, Drama, Fantasy;8.1;Umesh Shukla;Paresh Rawal;923,221
The Grand Budapest Hotel;2014;99 min;Adventure, Comedy, Crime;8.1;Wes Anderson;Ralph Fiennes;59,100,318
Gone Girl;2014;149 min;Drama, Mystery, Thriller;8.1;David Fincher;Ben Affleck;167,767,189
Ôkami kodomo no Ame to Yuki;2012;117 min;Animation, Drama, Fantasy;8.1;Mamoru Hosoda;Aoi Miyazaki;
Hacksaw Ridge;2016;139 min;Biography, Drama, History;8.1;Mel Gibson;Andrew Garfield;67,209,615
Inside Out;2015;95 min;Animation, Adventure, Comedy;8.1;Pete Docter;Ronnie Del Carmen;356,461,711
Barfi!;2012;151 min;Comedy, Drama, Romance;8.1;Anurag Basu;Ranbir Kapoor;2,804,874
12 Years a Slave;2013;134 min;Biography, Drama, History;8.1;Steve McQueen;Chiwetel Ejiofor;56,671,993
Rush;2013;123 min;Action, Biography, Drama;8.1;Ron Howard;Daniel Brühl;26,947,624
Ford v Ferrari;2019;152 min;Action, Biography, Drama;8.1;James Mangold;Matt Damon;117,624,028
Spotlight;2015;129 min;Biography, Crime, Drama;8.1;Tom McCarthy;Mark Ruffalo;45,055,776
Song of the Sea;2014;93 min;Animation, Adventure, Drama;8.1;Tomm Moore;David Rawle;857,524
Kahaani;2012;122 min;Mystery, Thriller;8.1;Sujoy Ghosh;Vidya Balan;1,035,953
Zindagi Na Milegi Dobara;2011;155 min;Comedy, Drama;8.1;Zoya Akhtar;Hrithik Roshan;3,108,485
Prisoners;2013;153 min;Crime, Drama, Mystery;8.1;Denis Villeneuve;Hugh Jackman;61,002,302
Mad Max: Fury Road;2015;120 min;Action, Adventure, Sci-Fi;8.1;George Miller;Tom Hardy;154,058,340
A Wednesday;2008;104 min;Action, Crime, Drama;8.1;Neeraj Pandey;Anupam Kher;
Gran Torino;2008;116 min;Drama;8.1;Clint Eastwood;Clint Eastwood;148,095,302
Harry Potter and the Deathly Hallows: Part 2;2011;130 min;Adventure, Drama, Fantasy;8.1;David Yates;Daniel Radcliffe;381,011,219
Okuribito;2008;130 min;Drama, Music;8.1;Yôjirô Takita;Masahiro Motoki;1,498,210
Hachi: A Dog's Tale;2009;93 min;Biography, Drama, Family;8.1;Lasse Hallström;Richard Gere;
Mary and Max;2009;92 min;Animation, Comedy, Drama;8.1;Adam Elliot;Toni Collette;
How to Train Your Dragon;2010;98 min;Animation, Action, Adventure;8.1;Dean DeBlois;Chris Sanders;217,581,231
Into the Wild;2007;148 min;Adventure, Biography, Drama;8.1;Sean Penn;Emile Hirsch;18,354,356
No Country for Old Men;2007;122 min;Crime, Drama, Thriller;8.1;Ethan Coen;Joel Coen;74,283,625
Lage Raho Munna Bhai;2006;144 min;Comedy, Drama, Romance;8.1;Rajkumar Hirani;Sanjay Dutt;2,217,561
Million Dollar Baby;2004;132 min;Drama, Sport;8.1;Clint Eastwood;Hilary Swank;100,492,203
Hotel Rwanda;2004;121 min;Biography, Drama, History;8.1;Terry George;Don Cheadle;23,530,892
Taegukgi hwinalrimyeo;2004;140 min;Action, Drama, War;8.1;Je-kyu Kang;Jang Dong-Gun;1,111,061
Before Sunset;2004;80 min;Drama, Romance;8.1;Richard Linklater;Ethan Hawke;5,820,649
Munna Bhai M.B.B.S.;2003;156 min;Comedy, Drama, Musical;8.1;Rajkumar Hirani;Sanjay Dutt;
Salinui chueok;2003;131 min;Crime, Drama, Mystery;8.1;Bong Joon Ho;Kang-ho Song;14,131
Dil Chahta Hai;2001;183 min;Comedy, Drama, Romance;8.1;Farhan Akhtar;Aamir Khan;300,000
Kill Bill: Vol. 1;2003;111 min;Action, Crime, Drama;8.1;Quentin Tarantino;Uma Thurman;70,099,045
Finding Nemo;2003;100 min;Animation, Adventure, Comedy;8.1;Andrew Stanton;Lee Unkrich;380,843,261
Catch Me If You Can;2002;141 min;Biography, Crime, Drama;8.1;Steven Spielberg;Leonardo DiCaprio;164,615,351
Amores perros;2000;154 min;Drama, Thriller;8.1;Alejandro G. Iñárritu;Emilio Echevarría;5,383,834
Monsters, Inc.;2001;92 min;Animation, Adventure, Comedy;8.1;Pete Docter;David Silverman;289,916,256
Shin seiki Evangelion Gekijô-ban: Air/Magokoro wo, kimi ni;1997;87 min;Animation, Action, Drama;8.1;Hideaki Anno;Kazuya Tsurumaki;
Lagaan: Once Upon a Time in India;2001;224 min;Adventure, Drama, Musical;8.1;Ashutosh Gowariker;Aamir Khan;70,147
The Sixth Sense;1999;107 min;Drama, Mystery, Thriller;8.1;M. Night Shyamalan;Bruce Willis;293,506,292
La leggenda del pianista sull'oceano;1998;169 min;Drama, Music, Romance;8.1;Giuseppe Tornatore;Tim Roth;259,127
The Truman Show;1998;103 min;Comedy, Drama;8.1;Peter Weir;Jim Carrey;125,618,201
Crna macka, beli macor;1998;127 min;Comedy, Crime, Romance;8.1;Emir Kusturica;Bajram Severdzan;348,660
The Big Lebowski;1998;117 min;Comedy, Crime, Sport;8.1;Joel Coen;Ethan Coen;17,498,804
Fa yeung nin wah;2000;98 min;Drama, Romance;8.1;Kar-Wai Wong;Tony Chiu-Wai Leung;2,734,044
Trainspotting;1996;93 min;Drama;8.1;Danny Boyle;Ewan McGregor;16,501,785
Fargo;1996;98 min;Crime, Drama, Thriller;8.1;Joel Coen;Ethan Coen;24,611,975
Underground;1995;170 min;Comedy, Drama, War;8.1;Emir Kusturica;Predrag 'Miki' Manojlovic;171,082
La haine;1995;98 min;Crime, Drama;8.1;Mathieu Kassovitz;Vincent Cassel;309,811
Dilwale Dulhania Le Jayenge;1995;189 min;Drama, Romance;8.1;Aditya Chopra;Shah Rukh Khan;
Before Sunrise;1995;101 min;Drama, Romance;8.1;Richard Linklater;Ethan Hawke;5,535,405
Trois couleurs: Rouge;1994;99 min;Drama, Mystery, Romance;8.1;Krzysztof Kieslowski;Irène Jacob;4,043,686
Chung Hing sam lam;1994;102 min;Comedy, Crime, Drama;8.1;Kar-Wai Wong;Brigitte Lin;600,200
Jurassic Park;1993;127 min;Action, Adventure, Sci-Fi;8.1;Steven Spielberg;Sam Neill;402,453,882
In the Name of the Father;1993;133 min;Biography, Crime, Drama;8.1;Jim Sheridan;Daniel Day-Lewis;25,010,410
Ba wang bie ji;1993;171 min;Drama, Music, Romance;8.1;Kaige Chen;Leslie Cheung;5,216,888
Dà hóng denglong gaogao guà;1991;125 min;Drama, History, Romance;8.1;Yimou Zhang;Gong Li;2,603,061
Dead Poets Society;1989;128 min;Comedy, Drama;8.1;Peter Weir;Robin Williams;95,860,116
Stand by Me;1986;89 min;Adventure, Drama;8.1;Rob Reiner;Wil Wheaton;52,287,414
Platoon;1986;120 min;Drama, War;8.1;Oliver Stone;Charlie Sheen;138,530,565
Paris, Texas;1984;145 min;Drama;8.1;Wim Wenders;Harry Dean Stanton;2,181,987
Kaze no tani no Naushika;1984;117 min;Animation, Adventure, Fantasy;8.1;Hayao Miyazaki;Sumi Shimamoto;495,770
The Thing;1982;109 min;Horror, Mystery, Sci-Fi;8.1;John Carpenter;Kurt Russell;13,782,838
Pink Floyd: The Wall;1982;95 min;Drama, Fantasy, Music;8.1;Alan Parker;Bob Geldof;22,244,207
Fitzcarraldo;1982;158 min;Adventure, Drama;8.1;Werner Herzog;Klaus Kinski;
Fanny och Alexander;1982;188 min;Drama;8.1;Ingmar Bergman;Bertil Guve;4,971,340
Blade Runner;1982;117 min;Action, Sci-Fi, Thriller;8.1;Ridley Scott;Harrison Ford;32,868,943
The Elephant Man;1980;124 min;Biography, Drama;8.1;David Lynch;Anthony Hopkins;
Life of Brian;1979;94 min;Comedy;8.1;Terry Jones;Graham Chapman;20,045,115
The Deer Hunter;1978;183 min;Drama, War;8.1;Michael Cimino;Robert De Niro;48,979,328
Rocky;1976;120 min;Drama, Sport;8.1;John G. Avildsen;Sylvester Stallone;117,235,247
Network;1976;121 min;Drama;8.1;Sidney Lumet;Faye Dunaway;
Barry Lyndon;1975;185 min;Adventure, Drama, History;8.1;Stanley Kubrick;Ryan O'Neal;
Zerkalo;1975;107 min;Biography, Drama;8.1;Andrei Tarkovsky;Margarita Terekhova;177,345
Chinatown;1974;130 min;Drama, Mystery, Thriller;8.1;Roman Polanski;Jack Nicholson;29,000,000
Paper Moon;1973;102 min;Comedy, Crime, Drama;8.1;Peter Bogdanovich;Ryan O'Neal;30,933,743
Viskningar och rop;1972;91 min;Drama;8.1;Ingmar Bergman;Harriet Andersson;1,742,348
Solaris;1972;167 min;Drama, Mystery, Sci-Fi;8.1;Andrei Tarkovsky;Natalya Bondarchuk;
Le samouraï;1967;105 min;Crime, Drama, Mystery;8.1;Jean-Pierre Melville;Alain Delon;39,481
Cool Hand Luke;1967;127 min;Crime, Drama;8.1;Stuart Rosenberg;Paul Newman;16,217,773
Persona;1966;85 min;Drama, Thriller;8.1;Ingmar Bergman;Bibi Andersson;
Andrei Rublev;1966;205 min;Biography, Drama, History;8.1;Andrei Tarkovsky;Anatoliy Solonitsyn;102,021
La battaglia di Algeri;1966;121 min;Drama, War;8.1;Gillo Pontecorvo;Brahim Hadjadj;55,908
El ángel exterminador;1962;95 min;Drama, Fantasy;8.1;Luis Buñuel;Silvia Pinal;
What Ever Happened to Baby Jane?;1962;134 min;Drama, Horror, Thriller;8.1;Robert Aldrich;Bette Davis;4,050,000
Sanjuro;1962;96 min;Action, Comedy, Crime;8.1;Akira Kurosawa;Toshirô Mifune;
The Man Who Shot Liberty Valance;1962;123 min;Drama, Western;8.1;John Ford;James Stewart;
Ivanovo detstvo;1962;95 min;Drama, War;8.1;Andrei Tarkovsky;Eduard Abalov;
Jungfrukällan;1960;89 min;Drama;8.1;Ingmar Bergman;Max von Sydow;1,526,000
Inherit the Wind;1960;128 min;Biography, Drama, History;8.1;Stanley Kramer;Spencer Tracy;
Les quatre cents coups;1959;99 min;Crime, Drama;8.1;François Truffaut;Jean-Pierre Léaud;
Ben-Hur;1959;212 min;Adventure, Drama, History;8.1;William Wyler;Charlton Heston;74,700,000
Kakushi-toride no san-akunin;1958;139 min;Adventure, Drama;8.1;Akira Kurosawa;Toshirô Mifune;
Le notti di Cabiria;1957;110 min;Drama;8.1;Federico Fellini;Giulietta Masina;752,045
Kumonosu-jô;1957;110 min;Drama, History;8.1;Akira Kurosawa;Toshirô Mifune;
The Bridge on the River Kwai;1957;161 min;Adventure, Drama, War;8.1;David Lean;William Holden;44,908,000
On the Waterfront;1954;108 min;Crime, Drama, Thriller;8.1;Elia Kazan;Marlon Brando;9,600,000
Le salaire de la peur;1953;131 min;Adventure, Drama, Thriller;8.1;Henri-Georges Clouzot;Yves Montand;
Ace in the Hole;1951;111 min;Drama, Film-Noir;8.1;Billy Wilder;Kirk Douglas;3,969,893
White Heat;1949;114 min;Action, Crime, Drama;8.1;Raoul Walsh;James Cagney;
The Third Man;1949;104 min;Film-Noir, Mystery, Thriller;8.1;Carol Reed;Orson Welles;449,191
The Red Shoes;1948;135 min;Drama, Music, Romance;8.1;Michael Powell;Emeric Pressburger;10,900,000
The Shop Around the Corner;1940;99 min;Comedy, Drama, Romance;8.1;Ernst Lubitsch;Margaret Sullavan;203,300
Rebecca;1940;130 min;Drama, Mystery, Romance;8.1;Alfred Hitchcock;Laurence Olivier;4,360,000
Mr. Smith Goes to Washington;1939;129 min;Comedy, Drama;8.1;Frank Capra;James Stewart;9,600,000
Gone with the Wind;1939;238 min;Drama, History, Romance;8.1;Victor Fleming;George Cukor;198,676,459
La Grande Illusion;1937;113 min;Drama, War;8.1;Jean Renoir;Jean Gabin;172,885
It Happened One Night;1934;105 min;Comedy, Romance;8.1;Frank Capra;Clark Gable;4,360,000
La passion de Jeanne d'Arc;1928;110 min;Biography, Drama, History;8.1;Carl Theodor Dreyer;Maria Falconetti;21,877
The Circus;1928;72 min;Comedy, Romance;8.1;Charles Chaplin;Charles Chaplin;
Sunrise: A Song of Two Humans;1927;94 min;Drama, Romance;8.1;F.W. Murnau;George O'Brien;539,540
The General;1926;67 min;Action, Adventure, Comedy;8.1;Clyde Bruckman;Buster Keaton;1,033,895
Das Cabinet des Dr. Caligari;1920;76 min;Fantasy, Horror, Mystery;8.1;Robert Wiene;Werner Krauss;
Badhaai ho;2018;124 min;Comedy, Drama;8;Amit Ravindernath Sharma;Ayushmann Khurrana;
Togo;2019;113 min;Adventure, Biography, Drama;8;Ericson Core;Willem Dafoe;
Airlift;2016;130 min;Drama, History;8;Raja Menon;Akshay Kumar;
Bajrangi Bhaijaan;2015;163 min;Action, Adventure, Comedy;8;Kabir Khan;Salman Khan;8,178,001
Baby;2015;159 min;Action, Crime, Thriller;8;Neeraj Pandey;Akshay Kumar;
La La Land;2016;128 min;Comedy, Drama, Music;8;Damien Chazelle;Ryan Gosling;151,101,803
Lion;2016;118 min;Biography, Drama;8;Garth Davis;Dev Patel;51,739,495
The Martian;2015;144 min;Adventure, Drama, Sci-Fi;8;Ridley Scott;Matt Damon;228,433,663
Zootopia;2016;108 min;Animation, Adventure, Comedy;8;Byron Howard;Rich Moore;341,268,248
Bãhubali: The Beginning;2015;159 min;Action, Drama;8;S.S. Rajamouli;Prabhas;6,738,000
Kaguyahime no monogatari;2013;137 min;Animation, Adventure, Drama;8;Isao Takahata;Chloë Grace Moretz;1,506,975
Wonder;2017;113 min;Drama, Family;8;Stephen Chbosky;Jacob Tremblay;132,422,809
Gully Boy;2019;154 min;Drama, Music, Romance;8;Zoya Akhtar;Vijay Varma;5,566,534
Special Chabbis;2013;144 min;Crime, Drama, Thriller;8;Neeraj Pandey;Akshay Kumar;1,079,369
Short Term 12;2013;96 min;Drama;8;Destin Daniel Cretton;Brie Larson;1,010,414
Serbuan maut 2: Berandal;2014;150 min;Action, Crime, Thriller;8;Gareth Evans;Iko Uwais;2,625,803
The Imitation Game;2014;114 min;Biography, Drama, Thriller;8;Morten Tyldum;Benedict Cumberbatch;91,125,683
Guardians of the Galaxy;2014;121 min;Action, Adventure, Comedy;8;James Gunn;Chris Pratt;333,176,600
Blade Runner 2049;2017;164 min;Action, Drama, Mystery;8;Denis Villeneuve;Harrison Ford;92,054,159
Her;2013;126 min;Drama, Romance, Sci-Fi;8;Spike Jonze;Joaquin Phoenix;25,568,251
Bohemian Rhapsody;2018;134 min;Biography, Drama, Music;8;Bryan Singer;Rami Malek;216,428,042
The Revenant;2015;156 min;Action, Adventure, Drama;8;Alejandro G. Iñárritu;Leonardo DiCaprio;183,637,894
The Perks of Being a Wallflower;2012;103 min;Drama, Romance;8;Stephen Chbosky;Logan Lerman;17,738,570
Tropa de Elite 2: O Inimigo Agora é Outro;2010;115 min;Action, Crime, Drama;8;José Padilha;Wagner Moura;100,119
The King's Speech;2010;118 min;Biography, Drama, History;8;Tom Hooper;Colin Firth;138,797,449
The Help;2011;146 min;Drama;8;Tate Taylor;Emma Stone;169,708,112
Deadpool;2016;108 min;Action, Adventure, Comedy;8;Tim Miller;Ryan Reynolds;363,070,709
Darbareye Elly;2009;119 min;Drama, Mystery;8;Asghar Farhadi;Golshifteh Farahani;106,662
Dev.D;2009;144 min;Drama, Romance;8;Anurag Kashyap;Abhay Deol;10,950
Yip Man;2008;106 min;Action, Biography, Drama;8;Wilson Yip;Donnie Yen;
My Name Is Khan;2010;165 min;Drama;8;Karan Johar;Shah Rukh Khan;4,018,695
Nefes: Vatan Sagolsun;2009;128 min;Action, Drama, Thriller;8;Levent Semerci;Erdem Can;
Slumdog Millionaire;2008;120 min;Drama, Romance;8;Danny Boyle;Loveleen Tandan;141,319,928
Black Swan;2010;108 min;Drama, Thriller;8;Darren Aronofsky;Natalie Portman;106,954,678
Tropa de Elite;2007;115 min;Action, Crime, Drama;8;José Padilha;Wagner Moura;8,060
The Avengers;2012;143 min;Action, Adventure, Sci-Fi;8;Joss Whedon;Robert Downey Jr.;623,279,547
Persepolis;2007;96 min;Animation, Biography, Drama;8;Vincent Paronnaud;Marjane Satrapi;4,445,756
Dallas Buyers Club;2013;117 min;Biography, Drama;8;Jean-Marc Vallée;Matthew McConaughey;27,298,285
The Pursuit of Happyness;2006;117 min;Biography, Drama;8;Gabriele Muccino;Will Smith;163,566,459
Blood Diamond;2006;143 min;Adventure, Drama, Thriller;8;Edward Zwick;Leonardo DiCaprio;57,366,262
The Bourne Ultimatum;2007;115 min;Action, Mystery, Thriller;8;Paul Greengrass;Matt Damon;227,471,070
Bin-jip;2004;88 min;Crime, Drama, Romance;8;Ki-duk Kim;Seung-Yun Lee;238,507
Sin City;2005;124 min;Crime, Thriller;8;Frank Miller;Quentin Tarantino;74,103,820
Le scaphandre et le papillon;2007;112 min;Biography, Drama;8;Julian Schnabel;Laura Obiols;5,990,075
G.O.R.A.;2004;127 min;Adventure, Comedy, Sci-Fi;8;Ömer Faruk Sorak;Cem Yilmaz;
Ratatouille;2007;111 min;Animation, Adventure, Comedy;8;Brad Bird;Jan Pinkava;206,445,654
Casino Royale;2006;144 min;Action, Adventure, Thriller;8;Martin Campbell;Daniel Craig;167,445,960
Kill Bill: Vol. 2;2004;137 min;Action, Crime, Thriller;8;Quentin Tarantino;Uma Thurman;66,208,183
Vozvrashchenie;2003;110 min;Drama;8;Andrey Zvyagintsev;Vladimir Garin;502,028
Bom Yeoareum Gaeul Gyeoul Geurigo Bom;2003;103 min;Drama, Romance;8;Ki-duk Kim;Ki-duk Kim;2,380,788
Mar adentro;2014;126 min;Biography, Drama;8;Alejandro Amenábar;Javier Bardem;2,086,345
Cinderella Man;2005;144 min;Biography, Drama, History;8;Ron Howard;Russell Crowe;61,649,911
Kal Ho Naa Ho;2003;186 min;Comedy, Drama, Musical;8;Nikkhil Advani;Preity Zinta;1,787,378
Mou gaan dou;2002;101 min;Action, Crime, Drama;8;Andrew Lau;Alan Mak;169,659
Pirates of the Caribbean: The Curse of the Black Pearl;2003;143 min;Action, Adventure, Fantasy;8;Gore Verbinski;Johnny Depp;305,413,918
Big Fish;2003;125 min;Adventure, Drama, Fantasy;8;Tim Burton;Ewan McGregor;66,257,002
The Incredibles;2004;115 min;Animation, Action, Adventure;8;Brad Bird;Craig T. Nelson;261,441,092
Yeopgijeogin geunyeo;2001;137 min;Comedy, Drama, Romance;8;Jae-young Kwak;Tae-Hyun Cha;
Dogville;2003;178 min;Crime, Drama;8;Lars von Trier;Nicole Kidman;1,530,386
Vizontele;2001;110 min;Comedy, Drama;8;Yilmaz Erdogan;Ömer Faruk Sorak;
Donnie Darko;2001;113 min;Drama, Mystery, Sci-Fi;8;Richard Kelly;Jake Gyllenhaal;1,480,006
Magnolia;1999;188 min;Drama;8;Paul Thomas Anderson;Tom Cruise;22,455,976
Dancer in the Dark;2000;140 min;Crime, Drama, Musical;8;Lars von Trier;Björk;4,184,036
The Straight Story;1999;112 min;Biography, Drama;8;David Lynch;Richard Farnsworth;6,203,044
Pâfekuto burû;1997;81 min;Animation, Crime, Mystery;8;Satoshi Kon;Junko Iwao;776,665
Festen;1998;105 min;Drama;8;Thomas Vinterberg;Ulrich Thomsen;1,647,780
Central do Brasil;1998;110 min;Drama;8;Walter Salles;Fernanda Montenegro;5,595,428
The Iron Giant;1999;86 min;Animation, Action, Adventure;8;Brad Bird;Eli Marienthal;23,159,305
Knockin' on Heaven's Door;1997;87 min;Action, Crime, Comedy;8;Thomas Jahn;Til Schweiger;3,296
Sling Blade;1996;135 min;Drama;8;Billy Bob Thornton;Billy Bob Thornton;24,475,416
Secrets & Lies;1996;136 min;Comedy, Drama;8;Mike Leigh;Timothy Spall;13,417,292
Twelve Monkeys;1995;129 min;Mystery, Sci-Fi, Thriller;8;Terry Gilliam;Bruce Willis;57,141,459
Kôkaku Kidôtai;1995;83 min;Animation, Action, Crime;8;Mamoru Oshii;Atsuko Tanaka;515,905
The Nightmare Before Christmas;1993;76 min;Animation, Family, Fantasy;8;Henry Selick;Danny Elfman;75,082,668
Groundhog Day;1993;101 min;Comedy, Fantasy, Romance;8;Harold Ramis;Bill Murray;70,906,973
Bound by Honor;1993;180 min;Crime, Drama;8;Taylor Hackford;Damian Chapa;4,496,583
Scent of a Woman;1992;156 min;Drama;8;Martin Brest;Al Pacino;63,895,607
Aladdin;1992;90 min;Animation, Adventure, Comedy;8;Ron Clements;John Musker;217,350,219
JFK;1991;189 min;Drama, History, Thriller;8;Oliver Stone;Kevin Costner;70,405,498
Beauty and the Beast;1991;84 min;Animation, Family, Fantasy;8;Gary Trousdale;Kirk Wise;218,967,620
Dances with Wolves;1990;181 min;Adventure, Drama, Western;8;Kevin Costner;Kevin Costner;184,208,848
Do the Right Thing;1989;120 min;Comedy, Drama;8;Spike Lee;Danny Aiello;27,545,445
Rain Man;1988;133 min;Drama;8;Barry Levinson;Dustin Hoffman;178,800,000
Akira;1988;124 min;Animation, Action, Sci-Fi;8;Katsuhiro Ôtomo;Mitsuo Iwata;553,171
The Princess Bride;1987;98 min;Adventure, Family, Fantasy;8;Rob Reiner;Cary Elwes;30,857,814
Der Himmel über Berlin;1987;128 min;Drama, Fantasy, Romance;8;Wim Wenders;Bruno Ganz;3,333,969
Au revoir les enfants;1987;104 min;Drama, War;8;Louis Malle;Gaspard Manesse;4,542,825
Tenkû no shiro Rapyuta;1986;125 min;Animation, Adventure, Drama;8;Hayao Miyazaki;Mayumi Tanaka;
The Terminator;1984;107 min;Action, Sci-Fi;8;James Cameron;Arnold Schwarzenegger;38,400,000
Gandhi;1982;191 min;Biography, Drama, History;8;Richard Attenborough;Ben Kingsley;52,767,889
Kagemusha;1980;180 min;Drama, History, War;8;Akira Kurosawa;Tatsuya Nakadai;
Being There;1979;130 min;Comedy, Drama;8;Hal Ashby;Peter Sellers;30,177,511
Annie Hall;1977;93 min;Comedy, Romance;8;Woody Allen;Woody Allen;39,200,000
Jaws;1975;124 min;Adventure, Thriller;8;Steven Spielberg;Roy Scheider;260,000,000
Dog Day Afternoon;1975;125 min;Biography, Crime, Drama;8;Sidney Lumet;Al Pacino;50,000,000
Young Frankenstein;1974;106 min;Comedy;8;Mel Brooks;Gene Wilder;86,300,000
Papillon;1973;151 min;Biography, Crime, Drama;8;Franklin J. Schaffner;Steve McQueen;53,267,000
The Exorcist;1973;122 min;Horror;8;William Friedkin;Ellen Burstyn;232,906,145
Sleuth;1972;138 min;Mystery, Thriller;8;Joseph L. Mankiewicz;Laurence Olivier;4,081,254
The Last Picture Show;1971;118 min;Drama, Romance;8;Peter Bogdanovich;Timothy Bottoms;29,133,000
Fiddler on the Roof;1971;181 min;Drama, Family, Musical;8;Norman Jewison;Topol;80,500,000
Il conformista;1970;113 min;Drama;8;Bernardo Bertolucci;Jean-Louis Trintignant;541,940
Butch Cassidy and the Sundance Kid;1969;110 min;Biography, Crime, Drama;8;George Roy Hill;Paul Newman;102,308,889
Rosemary's Baby;1968;137 min;Drama, Horror;8;Roman Polanski;Mia Farrow;
Planet of the Apes;1968;112 min;Adventure, Sci-Fi;8;Franklin J. Schaffner;Charlton Heston;33,395,426
The Graduate;1967;106 min;Comedy, Drama, Romance;8;Mike Nichols;Dustin Hoffman;104,945,305
Who's Afraid of Virginia Woolf?;1966;131 min;Drama;8;Mike Nichols;Elizabeth Taylor;
The Sound of Music;1965;172 min;Biography, Drama, Family;8;Robert Wise;Julie Andrews;163,214,286
Doctor Zhivago;1965;197 min;Drama, Romance, War;8;David Lean;Omar Sharif;111,722,000
Per un pugno di dollari;1964;99 min;Action, Drama, Western;8;Sergio Leone;Clint Eastwood;14,500,000
8½;1963;138 min;Drama;8;Federico Fellini;Marcello Mastroianni;50,690
Vivre sa vie: Film en douze tableaux;1962;80 min;Drama;8;Jean-Luc Godard;Anna Karina;
The Hustler;1961;134 min;Drama, Sport;8;Robert Rossen;Paul Newman;8,284,000
La dolce vita;1960;174 min;Comedy, Drama;8;Federico Fellini;Marcello Mastroianni;19,516,000
Rio Bravo;1959;141 min;Action, Drama, Western;8;Howard Hawks;John Wayne;12,535,000
Anatomy of a Murder;1959;161 min;Crime, Drama, Mystery;8;Otto Preminger;James Stewart;11,900,000
Touch of Evil;1958;95 min;Crime, Drama, Film-Noir;8;Orson Welles;Charlton Heston;2,237,659
Cat on a Hot Tin Roof;1958;108 min;Drama;8;Richard Brooks;Elizabeth Taylor;17,570,324
Sweet Smell of Success;1957;96 min;Drama, Film-Noir;8;Alexander Mackendrick;Burt Lancaster;
The Killing;1956;84 min;Crime, Drama, Film-Noir;8;Stanley Kubrick;Sterling Hayden;
The Night of the Hunter;1955;92 min;Crime, Drama, Film-Noir;8;Charles Laughton;Robert Mitchum;654,000
La Strada;1954;108 min;Drama;8;Federico Fellini;Anthony Quinn;
Les diaboliques;1955;117 min;Crime, Drama, Horror;8;Henri-Georges Clouzot;Simone Signoret;
Stalag 17;1953;120 min;Comedy, Drama, War;8;Billy Wilder;William Holden;
Roman Holiday;1953;118 min;Comedy, Romance;8;William Wyler;Gregory Peck;
A Streetcar Named Desire;1951;122 min;Drama;8;Elia Kazan;Vivien Leigh;8,000,000
In a Lonely Place;1950;94 min;Drama, Film-Noir, Mystery;8;Nicholas Ray;Humphrey Bogart;
Kind Hearts and Coronets;1949;106 min;Comedy, Crime;8;Robert Hamer;Dennis Price;
Rope;1948;80 min;Crime, Drama, Mystery;8;Alfred Hitchcock;James Stewart;
Out of the Past;1947;97 min;Crime, Drama, Film-Noir;8;Jacques Tourneur;Robert Mitchum;
Brief Encounter;1945;86 min;Drama, Romance;8;David Lean;Celia Johnson;
Laura;1944;88 min;Drama, Film-Noir, Mystery;8;Otto Preminger;Gene Tierney;4,360,000
The Best Years of Our Lives;1946;170 min;Drama, Romance, War;8;William Wyler;Myrna Loy;23,650,000
Arsenic and Old Lace;1942;118 min;Comedy, Crime, Thriller;8;Frank Capra;Cary Grant;
The Maltese Falcon;1941;100 min;Film-Noir, Mystery;8;John Huston;Humphrey Bogart;2,108,060
The Grapes of Wrath;1940;129 min;Drama, History;8;John Ford;Henry Fonda;55,000
The Wizard of Oz;1939;102 min;Adventure, Family, Fantasy;8;Victor Fleming;George Cukor;2,076,020
La règle du jeu;1939;110 min;Comedy, Drama;8;Jean Renoir;Marcel Dalio;
The Thin Man;1934;91 min;Comedy, Crime, Mystery;8;W.S. Van Dyke;William Powell;
All Quiet on the Western Front;1930;152 min;Drama, War;8;Lewis Milestone;Lew Ayres;3,270,000
Bronenosets Potemkin;1925;75 min;Drama, History, Thriller;8;Sergei M. Eisenstein;Aleksandr Antonov;50,970
Knives Out;2019;130 min;Comedy, Crime, Drama;7.9;Rian Johnson;Daniel Craig;165,359,751
Dil Bechara;2020;101 min;Comedy, Drama, Romance;7.9;Mukesh Chhabra;Sushant Singh Rajput;
Manbiki kazoku;2018;121 min;Crime, Drama;7.9;Hirokazu Koreeda;Lily Franky;3,313,513
Marriage Story;2019;137 min;Comedy, Drama, Romance;7.9;Noah Baumbach;Adam Driver;2,000,000
Call Me by Your Name;2017;132 min;Drama, Romance;7.9;Luca Guadagnino;Armie Hammer;18,095,701
I, Daniel Blake;2016;100 min;Drama;7.9;Ken Loach;Laura Obiols;258,168
Isle of Dogs;2018;101 min;Animation, Adventure, Comedy;7.9;Wes Anderson;Bryan Cranston;32,015,231
Hunt for the Wilderpeople;2016;101 min;Adventure, Comedy, Drama;7.9;Taika Waititi;Sam Neill;5,202,582
Captain Fantastic;2016;118 min;Comedy, Drama;7.9;Matt Ross;Viggo Mortensen;5,875,006
Sing Street;2016;106 min;Comedy, Drama, Music;7.9;John Carney;Ferdia Walsh-Peelo;3,237,118
Thor: Ragnarok;2017;130 min;Action, Adventure, Comedy;7.9;Taika Waititi;Chris Hemsworth;315,058,289
Nightcrawler;2014;117 min;Crime, Drama, Thriller;7.9;Dan Gilroy;Jake Gyllenhaal;32,381,218
Jojo Rabbit;2019;108 min;Comedy, Drama, War;7.9;Taika Waititi;Roman Griffin Davis;349,555
Arrival;2016;116 min;Drama, Sci-Fi;7.9;Denis Villeneuve;Amy Adams;100,546,139
Star Wars: Episode VII - The Force Awakens;2015;138 min;Action, Adventure, Sci-Fi;7.9;J.J. Abrams;Daisy Ridley;936,662,225
Before Midnight;2013;109 min;Drama, Romance;7.9;Richard Linklater;Ethan Hawke;8,114,627
X-Men: Days of Future Past;2014;132 min;Action, Adventure, Sci-Fi;7.9;Bryan Singer;Patrick Stewart;233,921,534
Bir Zamanlar Anadolu'da;2011;157 min;Crime, Drama;7.9;Nuri Bilge Ceylan;Muhammet Uzuner;138,730
The Artist;2011;100 min;Comedy, Drama, Romance;7.9;Michel Hazanavicius;Jean Dujardin;44,671,682
Edge of Tomorrow;2014;113 min;Action, Adventure, Sci-Fi;7.9;Doug Liman;Tom Cruise;100,206,256
Amour;2012;127 min;Drama, Romance;7.9;Michael Haneke;Jean-Louis Trintignant;6,739,492
The Irishman;2019;209 min;Biography, Crime, Drama;7.9;Martin Scorsese;Robert De Niro;7,000,000
Un prophète;2009;155 min;Crime, Drama;7.9;Jacques Audiard;Tahar Rahim;2,084,637
Moon;2009;97 min;Drama, Mystery, Sci-Fi;7.9;Duncan Jones;Sam Rockwell;5,009,677
Låt den rätte komma in;2008;114 min;Crime, Drama, Fantasy;7.9;Tomas Alfredson;Kåre Hedebrant;2,122,065
District 9;2009;112 min;Action, Sci-Fi, Thriller;7.9;Neill Blomkamp;Sharlto Copley;115,646,235
The Wrestler;2008;109 min;Drama, Sport;7.9;Darren Aronofsky;Mickey Rourke;26,236,603
Jab We Met;2007;138 min;Comedy, Drama, Romance;7.9;Imtiaz Ali;Shahid Kapoor;410,800
Boyhood;2014;165 min;Drama;7.9;Richard Linklater;Ellar Coltrane;25,379,975
4 luni, 3 saptamâni si 2 zile;2007;113 min;Drama;7.9;Cristian Mungiu;Anamaria Marinca;1,185,783
Star Trek;2009;127 min;Action, Adventure, Sci-Fi;7.9;J.J. Abrams;Chris Pine;257,730,019
In Bruges;2008;107 min;Comedy, Crime, Drama;7.9;Martin McDonagh;Colin Farrell;7,757,130
The Man from Earth;2007;87 min;Drama, Fantasy, Mystery;7.9;Richard Schenkman;David Lee Smith;
Letters from Iwo Jima;2006;141 min;Action, Adventure, Drama;7.9;Clint Eastwood;Ken Watanabe;13,756,082
The Fall;2006;117 min;Adventure, Drama, Fantasy;7.9;Tarsem Singh;Lee Pace;2,280,348
Life of Pi;2012;127 min;Adventure, Drama, Fantasy;7.9;Ang Lee;Suraj Sharma;124,987,023
Fantastic Mr. Fox;2009;87 min;Animation, Adventure, Comedy;7.9;Wes Anderson;George Clooney;21,002,919
C.R.A.Z.Y.;2005;129 min;Comedy, Drama;7.9;Jean-Marc Vallée;Michel Côté;
Les choristes;2004;97 min;Drama, Music;7.9;Christophe Barratier;Gérard Jugnot;3,635,164
Iron Man;2008;126 min;Action, Adventure, Sci-Fi;7.9;Jon Favreau;Robert Downey Jr.;318,412,101
Shaun of the Dead;2004;99 min;Comedy, Horror;7.9;Edgar Wright;Simon Pegg;13,542,874
Gegen die Wand;2004;121 min;Drama, Romance;7.9;Fatih Akin;Birol Ünel;
Mystic River;2003;138 min;Crime, Drama, Mystery;7.9;Clint Eastwood;Sean Penn;90,135,191
Harry Potter and the Prisoner of Azkaban;2004;142 min;Adventure, Family, Fantasy;7.9;Alfonso Cuarón;Daniel Radcliffe;249,358,727
Ying xiong;2002;120 min;Action, Adventure, History;7.9;Yimou Zhang;Jet Li;53,710,019
Hable con ella;2002;112 min;Drama, Mystery, Romance;7.9;Pedro Almodóvar;Rosario Flores;9,284,265
No Man's Land;2001;98 min;Comedy, Drama, War;7.9;Danis Tanovic;Branko Djuric;1,059,830
Cowboy Bebop: Tengoku no tobira;2001;115 min;Animation, Action, Crime;7.9;Shin'ichirô Watanabe;Tensai Okamura;1,000,045
The Bourne Identity;2002;119 min;Action, Mystery, Thriller;7.9;Doug Liman;Franka Potente;121,661,683
Nueve reinas;2000;114 min;Crime, Drama, Thriller;7.9;Fabián Bielinsky;Ricardo Darín;1,221,261
Children of Men;2006;109 min;Adventure, Drama, Sci-Fi;7.9;Alfonso Cuarón;Julianne Moore;35,552,383
Almost Famous;2000;122 min;Adventure, Comedy, Drama;7.9;Cameron Crowe;Billy Crudup;32,534,850
Mulholland Dr.;2001;147 min;Drama, Mystery, Thriller;7.9;David Lynch;Naomi Watts;7,220,243
Toy Story 2;1999;92 min;Animation, Adventure, Comedy;7.9;John Lasseter;Ash Brannon;245,852,179
Boogie Nights;1997;155 min;Drama;7.9;Paul Thomas Anderson;Mark Wahlberg;26,400,640
Mimi wo sumaseba;1995;111 min;Animation, Drama, Family;7.9;Yoshifumi Kondô;Yoko Honna;
Once Were Warriors;1994;102 min;Crime, Drama;7.9;Lee Tamahori;Rena Owen;2,201,126
True Romance;1993;119 min;Crime, Drama, Romance;7.9;Tony Scott;Christian Slater;12,281,500
Trois couleurs: Bleu;1993;94 min;Drama, Music, Mystery;7.9;Krzysztof Kieslowski;Juliette Binoche;1,324,974
Jûbê ninpûchô;1993;94 min;Animation, Action, Adventure;7.9;Yoshiaki Kawajiri;Kôichi Yamadera;
Carlito's Way;1993;144 min;Crime, Drama, Thriller;7.9;Brian De Palma;Al Pacino;36,948,322
Edward Scissorhands;1990;105 min;Drama, Fantasy, Romance;7.9;Tim Burton;Johnny Depp;56,362,352
My Left Foot: The Story of Christy Brown;1989;103 min;Biography, Drama;7.9;Jim Sheridan;Daniel Day-Lewis;14,743,391
Crimes and Misdemeanors;1989;104 min;Comedy, Drama;7.9;Woody Allen;Martin Landau;18,254,702
The Untouchables;1987;119 min;Crime, Drama, Thriller;7.9;Brian De Palma;Kevin Costner;76,270,454
Hannah and Her Sisters;1986;107 min;Comedy, Drama;7.9;Woody Allen;Mia Farrow;40,084,041
Brazil;1985;132 min;Drama, Sci-Fi;7.9;Terry Gilliam;Jonathan Pryce;9,929,135
This Is Spinal Tap;1984;82 min;Comedy, Music;7.9;Rob Reiner;Rob Reiner;188,751
A Christmas Story;1983;93 min;Comedy, Family;7.9;Bob Clark;Peter Billingsley;20,605,209
The Blues Brothers;1980;133 min;Action, Adventure, Comedy;7.9;John Landis;John Belushi;57,229,890
Manhattan;1979;96 min;Comedy, Drama, Romance;7.9;Woody Allen;Woody Allen;45,700,000
All That Jazz;1979;123 min;Drama, Music, Musical;7.9;Bob Fosse;Roy Scheider;37,823,676
Dawn of the Dead;1978;127 min;Action, Adventure, Horror;7.9;George A. Romero;David Emge;5,100,000
All the President's Men;1976;138 min;Biography, Drama, History;7.9;Alan J. Pakula;Dustin Hoffman;70,600,000
La montaña sagrada;1973;114 min;Adventure, Drama, Fantasy;7.9;Alejandro Jodorowsky;Alejandro Jodorowsky;61,001
Amarcord;1973;123 min;Comedy, Drama, Family;7.9;Federico Fellini;Magali Noël;
Le charme discret de la bourgeoisie;1972;102 min;Comedy;7.9;Luis Buñuel;Fernando Rey;198,809
Aguirre, der Zorn Gottes;1972;95 min;Action, Adventure, Biography;7.9;Werner Herzog;Klaus Kinski;
Harold and Maude;1971;91 min;Comedy, Drama, Romance;7.9;Hal Ashby;Ruth Gordon;
Patton;1970;172 min;Biography, Drama, War;7.9;Franklin J. Schaffner;George C. Scott;61,700,000
The Wild Bunch;1969;145 min;Action, Adventure, Western;7.9;Sam Peckinpah;William Holden;12,064,472
Night of the Living Dead;1968;96 min;Horror, Thriller;7.9;George A. Romero;Duane Jones;89,029
The Lion in Winter;1968;134 min;Biography, Drama, History;7.9;Anthony Harvey;Peter O'Toole;22,276,975
In the Heat of the Night;1967;110 min;Crime, Drama, Mystery;7.9;Norman Jewison;Sidney Poitier;24,379,978
Charade;1963;113 min;Comedy, Mystery, Romance;7.9;Stanley Donen;Cary Grant;13,474,588
The Manchurian Candidate;1962;126 min;Drama, Thriller;7.9;John Frankenheimer;Frank Sinatra;
Spartacus;1960;197 min;Adventure, Biography, Drama;7.9;Stanley Kubrick;Kirk Douglas;30,000,000
L'avventura;1960;144 min;Drama, Mystery;7.9;Michelangelo Antonioni;Gabriele Ferzetti;
Hiroshima mon amour;1959;90 min;Drama, Romance;7.9;Alain Resnais;Emmanuelle Riva;88,300
The Ten Commandments;1956;220 min;Adventure, Drama;7.9;Cecil B. DeMille;Charlton Heston;93,740,000
The Searchers;1956;119 min;Adventure, Drama, Western;7.9;John Ford;John Wayne;
East of Eden;1955;118 min;Drama;7.9;Elia Kazan;James Dean;
High Noon;1952;85 min;Drama, Thriller, Western;7.9;Fred Zinnemann;Gary Cooper;9,450,000
Strangers on a Train;1951;101 min;Crime, Film-Noir, Thriller;7.9;Alfred Hitchcock;Farley Granger;7,630,000
Harvey;1950;104 min;Comedy, Drama, Fantasy;7.9;Henry Koster;James Stewart;
Miracle on 34th Street;1947;96 min;Comedy, Drama, Family;7.9;George Seaton;Edmund Gwenn;2,650,000
Notorious;1946;102 min;Drama, Film-Noir, Romance;7.9;Alfred Hitchcock;Cary Grant;10,464,000
The Big Sleep;1946;114 min;Crime, Film-Noir, Mystery;7.9;Howard Hawks;Humphrey Bogart;6,540,000
The Lost Weekend;1945;101 min;Drama, Film-Noir;7.9;Billy Wilder;Ray Milland;9,460,000
The Philadelphia Story;1940;112 min;Comedy, Romance;7.9;George Cukor;Cary Grant;
His Girl Friday;1940;92 min;Comedy, Drama, Romance;7.9;Howard Hawks;Cary Grant;296,000
The Adventures of Robin Hood;1938;102 min;Action, Adventure, Romance;7.9;Michael Curtiz;William Keighley;3,981,000
A Night at the Opera;1935;96 min;Comedy, Music, Musical;7.9;Sam Wood;Edmund Goulding;2,537,520
King Kong;1933;100 min;Adventure, Horror, Sci-Fi;7.9;Merian C. Cooper;Ernest B. Schoedsack;10,000,000
Freaks;1932;64 min;Drama, Horror;7.9;Tod Browning;Wallace Ford;
Nosferatu;1922;94 min;Fantasy, Horror;7.9;F.W. Murnau;Max Schreck;
The Gentlemen;2019;113 min;Action, Comedy, Crime;7.8;Guy Ritchie;Matthew McConaughey;
Raazi;2018;138 min;Action, Drama, Thriller;7.8;Meghna Gulzar;Alia Bhatt;
Sound of Metal;2019;120 min;Drama, Music;7.8;Darius Marder;Riz Ahmed;
Forushande;2016;124 min;Drama;7.8;Asghar Farhadi;Shahab Hosseini;2,402,067
Dunkirk;2017;106 min;Action, Drama, History;7.8;Christopher Nolan;Fionn Whitehead;188,373,161
Perfetti sconosciuti;2016;96 min;Comedy, Drama;7.8;Paolo Genovese;Giuseppe Battiston;
Hidden Figures;2016;127 min;Biography, Drama, History;7.8;Theodore Melfi;Taraji P. Henson;169,607,287
Paddington 2;2017;103 min;Adventure, Comedy, Family;7.8;Paul King;Ben Whishaw;40,442,052
Udta Punjab;2016;148 min;Action, Crime, Drama;7.8;Abhishek Chaubey;Shahid Kapoor;
Kubo and the Two Strings;2016;101 min;Animation, Action, Adventure;7.8;Travis Knight;Charlize Theron;48,023,088
M.S. Dhoni: The Untold Story;2016;184 min;Biography, Drama, Sport;7.8;Neeraj Pandey;Sushant Singh Rajput;1,782,795
Manchester by the Sea;2016;137 min;Drama;7.8;Kenneth Lonergan;Casey Affleck;47,695,120
Under sandet;2015;100 min;Drama, History, War;7.8;Martin Zandvliet;Roland Møller;435,266
Rogue One;2016;133 min;Action, Adventure, Sci-Fi;7.8;Gareth Edwards;Felicity Jones;532,177,324
Captain America: Civil War;2016;147 min;Action, Adventure, Sci-Fi;7.8;Anthony Russo;Joe Russo;408,084,349
The Hateful Eight;2015;168 min;Crime, Drama, Mystery;7.8;Quentin Tarantino;Samuel L. Jackson;54,117,416
Little Women;2019;135 min;Drama, Romance;7.8;Greta Gerwig;Saoirse Ronan;108,101,214
Loving Vincent;2017;94 min;Animation, Biography, Crime;7.8;Dorota Kobiela;Hugh Welchman;6,735,118
Pride;2014;119 min;Biography, Comedy, Drama;7.8;Matthew Warchus;Bill Nighy;
Le passé;2013;130 min;Drama, Mystery;7.8;Asghar Farhadi;Bérénice Bejo;1,330,596
La grande bellezza;2013;141 min;Drama;7.8;Paolo Sorrentino;Toni Servillo;2,852,400
The Lunchbox;2013;104 min;Drama, Romance;7.8;Ritesh Batra;Irrfan Khan;4,231,500
Vicky Donor;2012;126 min;Comedy, Romance;7.8;Shoojit Sircar;Ayushmann Khurrana;169,209
Big Hero 6;2014;102 min;Animation, Action, Adventure;7.8;Don Hall;Chris Williams;222,527,828
About Time;2013;123 min;Comedy, Drama, Fantasy;7.8;Richard Curtis;Domhnall Gleeson;15,322,921
English Vinglish;2012;134 min;Comedy, Drama, Family;7.8;Gauri Shinde;Sridevi;1,670,773
Kaze tachinu;2013;126 min;Animation, Biography, Drama;7.8;Hayao Miyazaki;Hideaki Anno;5,209,580
Toy Story 4;2019;100 min;Animation, Adventure, Comedy;7.8;Josh Cooley;Tom Hanks;434,038,008
La migliore offerta;2013;131 min;Crime, Drama, Mystery;7.8;Giuseppe Tornatore;Geoffrey Rush;85,433
Moonrise Kingdom;2012;94 min;Comedy, Drama, Romance;7.8;Wes Anderson;Jared Gilman;45,512,466
How to Train Your Dragon 2;2014;102 min;Animation, Action, Adventure;7.8;Dean DeBlois;Jay Baruchel;177,002,924
The Big Short;2015;130 min;Biography, Comedy, Drama;7.8;Adam McKay;Christian Bale;70,259,870
Kokuhaku;2010;106 min;Drama, Thriller;7.8;Tetsuya Nakashima;Takako Matsu;
Ang-ma-reul bo-at-da;2010;144 min;Action, Crime, Drama;7.8;Jee-woon Kim;Lee Byung-Hun;128,392
The Girl with the Dragon Tattoo;2011;158 min;Crime, Drama, Mystery;7.8;David Fincher;Daniel Craig;102,515,793
Captain Phillips;2013;134 min;Adventure, Biography, Crime;7.8;Paul Greengrass;Tom Hanks;107,100,855
Ajeossi;2010;119 min;Action, Crime, Drama;7.8;Jeong-beom Lee;Won Bin;6,460
Straight Outta Compton;2015;147 min;Biography, Drama, History;7.8;F. Gary Gray;O'Shea Jackson Jr.;161,197,785
Madeo;2009;129 min;Crime, Drama, Mystery;7.8;Bong Joon Ho;Hye-ja Kim;547,292
Chugyeokja;2008;125 min;Action, Crime, Thriller;7.8;Hong-jin Na;Kim Yoon-seok;
The Hobbit: The Desolation of Smaug;2013;161 min;Adventure, Fantasy;7.8;Peter Jackson;Ian McKellen;258,366,855
Das weiße Band - Eine deutsche Kindergeschichte;2009;144 min;Drama, History, Mystery;7.8;Michael Haneke;Christian Friedel;2,222,647
Män som hatar kvinnor;2009;152 min;Crime, Drama, Mystery;7.8;Niels Arden Oplev;Michael Nyqvist;10,095,170
The Trial of the Chicago 7;2020;129 min;Drama, History, Thriller;7.8;Aaron Sorkin;Eddie Redmayne;
Druk;2020;117 min;Comedy, Drama;7.8;Thomas Vinterberg;Mads Mikkelsen;
The Fighter;2010;116 min;Biography, Drama, Sport;7.8;David O. Russell;Mark Wahlberg;93,617,009
Taken;2008;90 min;Action, Thriller;7.8;Pierre Morel;Liam Neeson;145,000,989
The Boy in the Striped Pyjamas;2008;94 min;Drama, History, War;7.8;Mark Herman;Asa Butterfield;9,030,581
Once;2007;86 min;Drama, Music, Romance;7.8;John Carney;Glen Hansard;9,439,923
The Hobbit: An Unexpected Journey;2012;169 min;Adventure, Fantasy;7.8;Peter Jackson;Martin Freeman;303,003,568
Auf der anderen Seite;2007;122 min;Drama;7.8;Fatih Akin;Baki Davrak;741,283
Atonement;2007;123 min;Drama, Mystery, Romance;7.8;Joe Wright;Keira Knightley;50,927,067
Drive;2011;100 min;Crime, Drama;7.8;Nicolas Winding Refn;Ryan Gosling;35,061,555
American Gangster;2007;157 min;Biography, Crime, Drama;7.8;Ridley Scott;Denzel Washington;130,164,645
Avatar;2009;162 min;Action, Adventure, Fantasy;7.8;James Cameron;Sam Worthington;760,507,625
Mr. Nobody;2009;141 min;Drama, Fantasy, Romance;7.8;Jaco Van Dormael;Jared Leto;3,600
Apocalypto;2006;139 min;Action, Adventure, Drama;7.8;Mel Gibson;Gerardo Taracena;50,866,635
Little Miss Sunshine;2006;101 min;Comedy, Drama;7.8;Jonathan Dayton;Valerie Faris;59,891,098
Hot Fuzz;2007;121 min;Action, Comedy, Mystery;7.8;Edgar Wright;Simon Pegg;23,637,265
The Curious Case of Benjamin Button;2008;166 min;Drama, Fantasy, Romance;7.8;David Fincher;Brad Pitt;127,509,326
Veer-Zaara;2004;192 min;Drama, Family, Musical;7.8;Yash Chopra;Shah Rukh Khan;2,921,738
Adams æbler;2005;94 min;Comedy, Crime, Drama;7.8;Anders Thomas Jensen;Ulrich Thomsen;1,305
Pride & Prejudice;2005;129 min;Drama, Romance;7.8;Joe Wright;Keira Knightley;38,405,088
The World's Fastest Indian;2005;127 min;Biography, Drama, Sport;7.8;Roger Donaldson;Anthony Hopkins;5,128,124
Tôkyô goddofâzâzu;2003;90 min;Animation, Adventure, Comedy;7.8;Satoshi Kon;Shôgo Furuya;128,985
Serenity;2005;119 min;Action, Adventure, Sci-Fi;7.8;Joss Whedon;Nathan Fillion;25,514,517
Walk the Line;2005;136 min;Biography, Drama, Music;7.8;James Mangold;Joaquin Phoenix;119,519,402
Ondskan;2003;113 min;Drama;7.8;Mikael Håfström;Andreas Wilson;15,280
The Notebook;2004;123 min;Drama, Romance;7.8;Nick Cassavetes;Gena Rowlands;81,001,787
Diarios de motocicleta;2004;126 min;Adventure, Biography, Drama;7.8;Walter Salles;Gael García Bernal;16,756,372
Lilja 4-ever;2002;109 min;Crime, Drama;7.8;Lukas Moodysson;Oksana Akinshina;181,655
Les triplettes de Belleville;2003;80 min;Animation, Comedy, Drama;7.8;Sylvain Chomet;Michèle Caucheteux;7,002,255
Gongdong gyeongbi guyeok JSA;2000;110 min;Action, Drama, Thriller;7.8;Chan-wook Park;Lee Yeong-ae;
The Count of Monte Cristo;2002;131 min;Action, Adventure, Drama;7.8;Kevin Reynolds;Jim Caviezel;54,234,062
Waking Life;2001;99 min;Animation, Drama, Fantasy;7.8;Richard Linklater;Ethan Hawke;2,892,011
Remember the Titans;2000;113 min;Biography, Drama, Sport;7.8;Boaz Yakin;Denzel Washington;115,654,751
Wo hu cang long;2000;120 min;Action, Adventure, Fantasy;7.8;Ang Lee;Yun-Fat Chow;128,078,872
Todo sobre mi madre;1999;101 min;Drama;7.8;Pedro Almodóvar;Cecilia Roth;8,264,530
Cast Away;2000;143 min;Adventure, Drama, Romance;7.8;Robert Zemeckis;Tom Hanks;233,632,142
The Boondock Saints;1999;108 min;Action, Crime, Thriller;7.8;Troy Duffy;Willem Dafoe;25,812
The Insider;1999;157 min;Biography, Drama, Thriller;7.8;Michael Mann;Russell Crowe;28,965,197
October Sky;1999;108 min;Biography, Drama, Family;7.8;Joe Johnston;Jake Gyllenhaal;32,481,825
Shrek;2001;90 min;Animation, Adventure, Comedy;7.8;Andrew Adamson;Vicky Jenson;267,665,011
Titanic;1997;194 min;Drama, Romance;7.8;James Cameron;Leonardo DiCaprio;659,325,379
Hana-bi;1997;103 min;Crime, Drama, Romance;7.8;Takeshi Kitano;Takeshi Kitano;233,986
Gattaca;1997;106 min;Drama, Sci-Fi, Thriller;7.8;Andrew Niccol;Ethan Hawke;12,339,633
The Game;1997;129 min;Action, Drama, Mystery;7.8;David Fincher;Michael Douglas;48,323,648
Breaking the Waves;1996;159 min;Drama;7.8;Lars von Trier;Emily Watson;4,040,691
Ed Wood;1994;127 min;Biography, Comedy, Drama;7.8;Tim Burton;Johnny Depp;5,887,457
What's Eating Gilbert Grape;1993;118 min;Drama;7.8;Lasse Hallström;Johnny Depp;9,170,214
Tombstone;1993;130 min;Action, Biography, Drama;7.8;George P. Cosmatos;Kevin Jarre;56,505,065
The Sandlot;1993;101 min;Comedy, Drama, Family;7.8;David Mickey Evans;Tom Guiry;32,416,586
The Remains of the Day;1993;134 min;Drama, Romance;7.8;James Ivory;Anthony Hopkins;22,954,968
Naked;1993;132 min;Comedy, Drama;7.8;Mike Leigh;David Thewlis;1,769,305
The Fugitive;1993;130 min;Action, Crime, Drama;7.8;Andrew Davis;Harrison Ford;183,875,760
A Bronx Tale;1993;121 min;Crime, Drama, Romance;7.8;Robert De Niro;Robert De Niro;17,266,971
Batman: Mask of the Phantasm;1993;76 min;Animation, Action, Crime;7.8;Kevin Altieri;Boyd Kirkland;5,617,391
Lat sau san taam;1992;128 min;Action, Crime, Thriller;7.8;John Woo;Yun-Fat Chow;
Night on Earth;1991;129 min;Comedy, Drama;7.8;Jim Jarmusch;Winona Ryder;2,015,810
La double vie de Véronique;1991;98 min;Drama, Fantasy, Music;7.8;Krzysztof Kieslowski;Irène Jacob;1,999,955
Boyz n the Hood;1991;112 min;Crime, Drama;7.8;John Singleton;Cuba Gooding Jr.;57,504,069
Misery;1990;107 min;Drama, Thriller;7.8;Rob Reiner;James Caan;61,276,872
Awakenings;1990;121 min;Biography, Drama;7.8;Penny Marshall;Robert De Niro;52,096,475
Majo no takkyûbin;1989;103 min;Animation, Adventure, Drama;7.8;Hayao Miyazaki;Kirsten Dunst;
Glory;1989;122 min;Biography, Drama, History;7.8;Edward Zwick;Matthew Broderick;26,830,000
Dip huet seung hung;1989;111 min;Action, Crime, Drama;7.8;John Woo;Yun-Fat Chow;
Back to the Future Part II;1989;108 min;Adventure, Comedy, Sci-Fi;7.8;Robert Zemeckis;Michael J. Fox;118,500,000
Mississippi Burning;1988;128 min;Crime, Drama, History;7.8;Alan Parker;Gene Hackman;34,603,943
Predator;1987;107 min;Action, Adventure, Sci-Fi;7.8;John McTiernan;Arnold Schwarzenegger;59,735,548
Evil Dead II;1987;84 min;Action, Comedy, Fantasy;7.8;Sam Raimi;Bruce Campbell;5,923,044
Ferris Bueller's Day Off;1986;103 min;Comedy;7.8;John Hughes;Matthew Broderick;70,136,369
Down by Law;1986;107 min;Comedy, Crime, Drama;7.8;Jim Jarmusch;Tom Waits;1,436,000
The Goonies;1985;114 min;Adventure, Comedy, Family;7.8;Richard Donner;Sean Astin;61,503,218
The Color Purple;1985;154 min;Drama;7.8;Steven Spielberg;Danny Glover;98,467,863
The Breakfast Club;1985;97 min;Comedy, Drama;7.8;John Hughes;Emilio Estevez;45,875,171
The Killing Fields;1984;141 min;Biography, Drama, History;7.8;Roland Joffé;Sam Waterston;34,700,291
Ghostbusters;1984;105 min;Action, Comedy, Fantasy;7.8;Ivan Reitman;Bill Murray;238,632,124
The Right Stuff;1983;193 min;Adventure, Biography, Drama;7.8;Philip Kaufman;Sam Shepard;21,500,000
The King of Comedy;1982;109 min;Comedy, Crime, Drama;7.8;Martin Scorsese;Robert De Niro;2,500,000
E.T. the Extra-Terrestrial;1982;115 min;Family, Sci-Fi;7.8;Steven Spielberg;Henry Thomas;435,110,554
Kramer vs. Kramer;1979;105 min;Drama;7.8;Robert Benton;Dustin Hoffman;106,260,000
Days of Heaven;1978;94 min;Drama, Romance;7.8;Terrence Malick;Richard Gere;
The Outlaw Josey Wales;1976;135 min;Western;7.8;Clint Eastwood;Clint Eastwood;31,800,000
The Man Who Would Be King;1975;129 min;Adventure, History, War;7.8;John Huston;Sean Connery;
The Conversation;1974;113 min;Drama, Mystery, Thriller;7.8;Francis Ford Coppola;Gene Hackman;4,420,000
La planète sauvage;1973;72 min;Animation, Sci-Fi;7.8;René Laloux;Barry Bostwick;193,817
The Day of the Jackal;1973;143 min;Crime, Drama, Thriller;7.8;Fred Zinnemann;Edward Fox;16,056,255
Badlands;1973;94 min;Action, Crime, Drama;7.8;Terrence Malick;Martin Sheen;
Cabaret;1972;124 min;Drama, Music, Musical;7.8;Bob Fosse;Liza Minnelli;42,765,000
Willy Wonka & the Chocolate Factory;1971;100 min;Family, Fantasy, Musical;7.8;Mel Stuart;Gene Wilder;4,000,000
Midnight Cowboy;1969;113 min;Drama;7.8;John Schlesinger;Dustin Hoffman;44,785,053
Wait Until Dark;1967;108 min;Thriller;7.8;Terence Young;Audrey Hepburn;17,550,741
Guess Who's Coming to Dinner;1967;108 min;Comedy, Drama;7.8;Stanley Kramer;Spencer Tracy;56,700,000
Bonnie and Clyde;1967;111 min;Action, Biography, Crime;7.8;Arthur Penn;Warren Beatty;
My Fair Lady;1964;170 min;Drama, Family, Musical;7.8;George Cukor;Audrey Hepburn;72,000,000
Mary Poppins;1964;139 min;Comedy, Family, Fantasy;7.8;Robert Stevenson;Julie Andrews;102,272,727
The Longest Day;1962;178 min;Action, Drama, History;7.8;Ken Annakin;Andrew Marton;39,100,000
Jules et Jim;1962;105 min;Drama, Romance;7.8;François Truffaut;Jeanne Moreau;
The Innocents;1961;100 min;Horror;7.8;Jack Clayton;Deborah Kerr;2,616,000
À bout de souffle;1960;90 min;Crime, Drama;7.8;Jean-Luc Godard;Jean-Paul Belmondo;336,705
Red River;1948;133 min;Action, Adventure, Drama;7.8;Howard Hawks;Arthur Rosson;
Key Largo;1948;100 min;Action, Crime, Drama;7.8;John Huston;Humphrey Bogart;
To Have and Have Not;1944;100 min;Adventure, Comedy, Film-Noir;7.8;Howard Hawks;Humphrey Bogart;
Shadow of a Doubt;1943;108 min;Film-Noir, Thriller;7.8;Alfred Hitchcock;Teresa Wright;
Stagecoach;1939;96 min;Adventure, Drama, Western;7.8;John Ford;John Wayne;
The Lady Vanishes;1938;96 min;Mystery, Thriller;7.8;Alfred Hitchcock;Margaret Lockwood;
Bringing Up Baby;1938;102 min;Comedy, Family, Romance;7.8;Howard Hawks;Katharine Hepburn;
Bride of Frankenstein;1935;75 min;Drama, Horror, Sci-Fi;7.8;James Whale;Boris Karloff;4,360,000
Duck Soup;1933;69 min;Comedy, Musical, War;7.8;Leo McCarey;Groucho Marx;
Scarface: The Shame of the Nation;1932;93 min;Action, Crime, Drama;7.8;Howard Hawks;Richard Rosson;
Frankenstein;1931;70 min;Drama, Horror, Sci-Fi;7.8;James Whale;Colin Clive;
Roma;2018;135 min;Drama;7.7;Alfonso Cuarón;Yalitza Aparicio;
God's Own Country;2017;104 min;Drama, Romance;7.7;Francis Lee;Josh O'Connor;335,609
Deadpool 2;2018;119 min;Action, Adventure, Comedy;7.7;David Leitch;Ryan Reynolds;324,591,735
Wind River;2017;107 min;Crime, Drama, Mystery;7.7;Taylor Sheridan;Kelsey Asbille;33,800,859
Get Out;2017;104 min;Horror, Mystery, Thriller;7.7;Jordan Peele;Daniel Kaluuya;176,040,665
Mission: Impossible - Fallout;2018;147 min;Action, Adventure, Thriller;7.7;Christopher McQuarrie;Tom Cruise;220,159,104
En man som heter Ove;2015;116 min;Comedy, Drama, Romance;7.7;Hannes Holm;Rolf Lassgård;3,358,518
What We Do in the Shadows;2014;86 min;Comedy, Horror;7.7;Jemaine Clement;Taika Waititi;3,333,000
Omoide no Mânî;2014;103 min;Animation, Drama, Family;7.7;James Simone;Hiromasa Yonebayashi;765,127
The Theory of Everything;2014;123 min;Biography, Drama, Romance;7.7;James Marsh;Eddie Redmayne;35,893,537
Kingsman: The Secret Service;2014;129 min;Action, Adventure, Comedy;7.7;Matthew Vaughn;Colin Firth;128,261,724
The Fault in Our Stars;2014;126 min;Drama, Romance;7.7;Josh Boone;Shailene Woodley;124,872,350
Me and Earl and the Dying Girl;2015;105 min;Comedy, Drama;7.7;Alfonso Gomez-Rejon;Thomas Mann;6,743,776
Birdman or (The Unexpected Virtue of Ignorance);2014;119 min;Comedy, Drama;7.7;Alejandro G. Iñárritu;Michael Keaton;42,340,598
La vie d'Adèle;2013;180 min;Drama, Romance;7.7;Abdellatif Kechiche;Léa Seydoux;2,199,675
Kai po che!;2013;130 min;Drama, Sport;7.7;Abhishek Kapoor;Amit Sadh;1,122,527
The Broken Circle Breakdown;2012;111 min;Drama, Music, Romance;7.7;Felix van Groeningen;Veerle Baetens;175,058
Captain America: The Winter Soldier;2014;136 min;Action, Adventure, Sci-Fi;7.7;Anthony Russo;Joe Russo;259,766,572
Rockstar;2011;159 min;Drama, Music, Musical;7.7;Imtiaz Ali;Ranbir Kapoor;985,912
Nebraska;2013;115 min;Adventure, Comedy, Drama;7.7;Alexander Payne;Bruce Dern;17,654,912
Wreck-It Ralph;2012;101 min;Animation, Adventure, Comedy;7.7;Rich Moore;John C. Reilly;189,422,889
Le Petit Prince;2015;108 min;Animation, Adventure, Drama;7.7;Mark Osborne;Jeff Bridges;1,339,152
Detachment;2011;98 min;Drama;7.7;Tony Kaye;Adrien Brody;71,177
Midnight in Paris;2011;96 min;Comedy, Fantasy, Romance;7.7;Woody Allen;Owen Wilson;56,816,662
The Lego Movie;2014;100 min;Animation, Action, Adventure;7.7;Christopher Miller;Phil Lord;257,760,692
Gravity;2013;91 min;Drama, Sci-Fi, Thriller;7.7;Alfonso Cuarón;Sandra Bullock;274,092,705
Star Trek Into Darkness;2013;132 min;Action, Adventure, Sci-Fi;7.7;J.J. Abrams;Chris Pine;228,778,661
Beasts of No Nation;2015;137 min;Drama, War;7.7;Cary Joji Fukunaga;Abraham Attah;83,861
The Social Network;2010;120 min;Biography, Drama;7.7;David Fincher;Jesse Eisenberg;96,962,694
X: First Class;2011;131 min;Action, Adventure, Sci-Fi;7.7;Matthew Vaughn;James McAvoy;146,408,305
The Hangover;2009;100 min;Comedy;7.7;Todd Phillips;Zach Galifianakis;277,322,503
Skyfall;2012;143 min;Action, Adventure, Thriller;7.7;Sam Mendes;Daniel Craig;304,360,277
Silver Linings Playbook;2012;122 min;Comedy, Drama, Romance;7.7;David O. Russell;Bradley Cooper;132,092,958
Argo;2012;120 min;Biography, Drama, Thriller;7.7;Ben Affleck;Ben Affleck;136,025,503
(500) Days of Summer;2009;95 min;Comedy, Drama, Romance;7.7;Marc Webb;Zooey Deschanel;32,391,374
Harry Potter and the Deathly Hallows: Part 1;2010;146 min;Adventure, Family, Fantasy;7.7;David Yates;Daniel Radcliffe;295,983,305
Gake no ue no Ponyo;2008;101 min;Animation, Adventure, Comedy;7.7;Hayao Miyazaki;Cate Blanchett;15,090,400
Frost/Nixon;2008;122 min;Biography, Drama, History;7.7;Ron Howard;Frank Langella;18,593,156
Papurika;2006;90 min;Animation, Drama, Fantasy;7.7;Satoshi Kon;Megumi Hayashibara;881,302
Changeling;2008;141 min;Biography, Crime, Drama;7.7;Clint Eastwood;Angelina Jolie;35,739,802
Flipped;2010;90 min;Comedy, Drama, Romance;7.7;Rob Reiner;Madeline Carroll;1,752,214
Toki o kakeru shôjo;2006;98 min;Animation, Adventure, Comedy;7.7;Mamoru Hosoda;Riisa Naka;
Death Note: Desu nôto;2006;126 min;Crime, Drama, Fantasy;7.7;Shûsuke Kaneko;Tatsuya Fujiwara;
This Is England;2006;101 min;Crime, Drama;7.7;Shane Meadows;Thomas Turgoose;327,919
Ex Machina;2014;108 min;Drama, Sci-Fi, Thriller;7.7;Alex Garland;Alicia Vikander;25,442,958
Efter brylluppet;2006;120 min;Drama;7.7;Susanne Bier;Mads Mikkelsen;412,544
The Last King of Scotland;2006;123 min;Biography, Drama, History;7.7;Kevin Macdonald;James McAvoy;17,605,861
Zodiac;2007;157 min;Crime, Drama, Mystery;7.7;David Fincher;Jake Gyllenhaal;33,080,084
Lucky Number Slevin;2006;110 min;Action, Crime, Drama;7.7;Paul McGuigan;Josh Hartnett;22,494,487
Joyeux Noël;2005;116 min;Drama, History, Music;7.7;Christian Carion;Diane Kruger;1,054,361
Control;2007;122 min;Biography, Drama, Music;7.7;Anton Corbijn;Sam Riley;871,577
Tangled;2010;100 min;Animation, Adventure, Comedy;7.7;Nathan Greno;Byron Howard;200,821,936
Zwartboek;2006;145 min;Drama, Thriller, War;7.7;Paul Verhoeven;Carice van Houten;4,398,392
Brokeback Mountain;2005;134 min;Drama, Romance;7.7;Ang Lee;Jake Gyllenhaal;83,043,761
3:10 to Yuma;2007;122 min;Action, Crime, Drama;7.7;James Mangold;Russell Crowe;53,606,916
Crash;2004;112 min;Crime, Drama, Thriller;7.7;Paul Haggis;Don Cheadle;54,580,300
Kung fu;2004;99 min;Action, Comedy, Fantasy;7.7;Stephen Chow;Stephen Chow;17,108,591
The Bourne Supremacy;2004;108 min;Action, Mystery, Thriller;7.7;Paul Greengrass;Matt Damon;176,241,941
The Machinist;2004;101 min;Drama, Thriller;7.7;Brad Anderson;Christian Bale;1,082,715
Ray;2004;152 min;Biography, Drama, Music;7.7;Taylor Hackford;Jamie Foxx;75,331,600
Lost in Translation;2003;102 min;Comedy, Drama;7.7;Sofia Coppola;Bill Murray;44,585,453
Harry Potter and the Goblet of Fire;2005;157 min;Adventure, Family, Fantasy;7.7;Mike Newell;Daniel Radcliffe;290,013,036
Man on Fire;2004;146 min;Action, Crime, Drama;7.7;Tony Scott;Denzel Washington;77,911,774
Coraline;2009;100 min;Animation, Drama, Family;7.7;Henry Selick;Dakota Fanning;75,286,229
The Last Samurai;2003;154 min;Action, Drama;7.7;Edward Zwick;Tom Cruise;111,110,575
The Magdalene Sisters;2002;114 min;Drama;7.7;Peter Mullan;Eileen Walsh;4,890,878
Good Bye Lenin!;2003;121 min;Comedy, Drama, Romance;7.7;Wolfgang Becker;Daniel Brühl;4,064,200
In America;2002;105 min;Drama;7.7;Jim Sheridan;Paddy Considine;15,539,266
I Am Sam;2001;132 min;Drama;7.7;Jessie Nelson;Sean Penn;40,311,852
Adaptation.;2002;115 min;Comedy, Drama;7.7;Spike Jonze;Nicolas Cage;22,245,861
Black Hawk Down;2001;144 min;Drama, History, War;7.7;Ridley Scott;Josh Hartnett;108,638,745
Road to Perdition;2002;117 min;Crime, Drama, Thriller;7.7;Sam Mendes;Tom Hanks;104,454,762
Das Experiment;2001;120 min;Drama, Thriller;7.7;Oliver Hirschbiegel;Moritz Bleibtreu;141,072
Billy Elliot;2000;110 min;Drama, Music;7.7;Stephen Daldry;Jamie Bell;21,995,263
Hedwig and the Angry Inch;2001;95 min;Comedy, Drama, Music;7.7;John Cameron Mitchell;John Cameron Mitchell;3,029,081
Ocean's Eleven;2001;116 min;Crime, Thriller;7.7;Steven Soderbergh;George Clooney;183,417,150
Vampire Hunter D: Bloodlust;2000;103 min;Animation, Action, Fantasy;7.7;Yoshiaki Kawajiri;Andrew Philpot;151,086
O Brother, Where Art Thou?;2000;107 min;Adventure, Comedy, Crime;7.7;Joel Coen;Ethan Coen;45,512,588
Interstate 60: Episodes of the Road;2002;116 min;Adventure, Comedy, Drama;7.7;Bob Gale;James Marsden;
South Park: Bigger, Longer & Uncut;1999;81 min;Animation, Comedy, Fantasy;7.7;Trey Parker;Trey Parker;52,037,603
Office Space;1999;89 min;Comedy;7.7;Mike Judge;Ron Livingston;10,824,921
Happiness;1998;134 min;Comedy, Drama;7.7;Todd Solondz;Jane Adams;2,807,390
Training Day;2001;122 min;Crime, Drama, Thriller;7.7;Antoine Fuqua;Denzel Washington;76,631,907
Rushmore;1998;93 min;Comedy, Drama, Romance;7.7;Wes Anderson;Jason Schwartzman;17,105,219
Abre los ojos;1997;119 min;Drama, Mystery, Sci-Fi;7.7;Alejandro Amenábar;Eduardo Noriega;368,234
Being John Malkovich;1999;113 min;Comedy, Drama, Fantasy;7.7;Spike Jonze;John Cusack;22,858,926
As Good as It Gets;1997;139 min;Comedy, Drama, Romance;7.7;James L. Brooks;Jack Nicholson;148,478,011
The Fifth Element;1997;126 min;Action, Adventure, Sci-Fi;7.7;Luc Besson;Bruce Willis;63,540,020
Le dîner de cons;1998;80 min;Comedy;7.7;Francis Veber;Thierry Lhermitte;4,065,116
Donnie Brasco;1997;127 min;Biography, Crime, Drama;7.7;Mike Newell;Al Pacino;41,909,762
Shine;1996;105 min;Biography, Drama, Music;7.7;Scott Hicks;Geoffrey Rush;35,811,509
Primal Fear;1996;129 min;Crime, Drama, Mystery;7.7;Gregory Hoblit;Richard Gere;56,116,183
Hamlet;1996;242 min;Drama;7.7;Kenneth Branagh;Kenneth Branagh;4,414,535
A Little Princess;1995;97 min;Drama, Family, Fantasy;7.7;Alfonso Cuarón;Liesel Matthews;10,019,307
Do lok tin si;1995;99 min;Comedy, Crime, Drama;7.7;Kar-Wai Wong;Leon Lai;
Il postino;1994;108 min;Biography, Comedy, Drama;7.7;Michael Radford;Massimo Troisi;21,848,932
Clerks;1994;92 min;Comedy;7.7;Kevin Smith;Brian O'Halloran;3,151,130
Short Cuts;1993;188 min;Comedy, Drama;7.7;Robert Altman;Andie MacDowell;6,110,979
Philadelphia;1993;125 min;Drama;7.7;Jonathan Demme;Tom Hanks;77,324,422
The Muppet Christmas Carol;1992;85 min;Comedy, Drama, Family;7.7;Brian Henson;Michael Caine;27,281,507
Malcolm X;1992;202 min;Biography, Drama, History;7.7;Spike Lee;Denzel Washington;48,169,908
The Last of the Mohicans;1992;112 min;Action, Adventure, Drama;7.7;Michael Mann;Daniel Day-Lewis;75,505,856
Kurenai no buta;1992;94 min;Animation, Adventure, Comedy;7.7;Hayao Miyazaki;Shûichirô Moriyama;
Glengarry Glen Ross;1992;100 min;Crime, Drama, Mystery;7.7;James Foley;Al Pacino;10,725,228
A Few Good Men;1992;138 min;Drama, Thriller;7.7;Rob Reiner;Tom Cruise;141,340,178
Fried Green Tomatoes;1991;130 min;Drama;7.7;Jon Avnet;Kathy Bates;82,418,501
Barton Fink;1991;116 min;Comedy, Drama, Thriller;7.7;Joel Coen;Ethan Coen;6,153,939
Miller's Crossing;1990;115 min;Crime, Drama, Thriller;7.7;Joel Coen;Ethan Coen;5,080,409
Who Framed Roger Rabbit;1988;104 min;Animation, Adventure, Comedy;7.7;Robert Zemeckis;Bob Hoskins;156,452,370
Spoorloos;1988;107 min;Mystery, Thriller;7.7;George Sluizer;Bernard-Pierre Donnadieu;
Withnail & I;1987;107 min;Comedy, Drama;7.7;Bruce Robinson;Richard E. Grant;1,544,889
The Last Emperor;1987;163 min;Biography, Drama, History;7.7;Bernardo Bertolucci;John Lone;43,984,230
Empire of the Sun;1987;153 min;Action, Drama, History;7.7;Steven Spielberg;Christian Bale;22,238,696
Der Name der Rose;1986;130 min;Crime, Drama, Mystery;7.7;Jean-Jacques Annaud;Sean Connery;7,153,487
Blue Velvet;1986;120 min;Drama, Mystery, Thriller;7.7;David Lynch;Isabella Rossellini;8,551,228
The Purple Rose of Cairo;1985;82 min;Comedy, Fantasy, Romance;7.7;Woody Allen;Mia Farrow;10,631,333
After Hours;1985;97 min;Comedy, Crime, Drama;7.7;Martin Scorsese;Griffin Dunne;10,600,000
Zelig;1983;79 min;Comedy;7.7;Woody Allen;Woody Allen;11,798,616
The Verdict;1982;129 min;Drama;7.7;Sidney Lumet;Paul Newman;54,000,000
Star Trek II: The Wrath of Khan;1982;113 min;Action, Adventure, Sci-Fi;7.7;Nicholas Meyer;William Shatner;78,912,963
First Blood;1982;93 min;Action, Adventure;7.7;Ted Kotcheff;Sylvester Stallone;47,212,904
Ordinary People;1980;124 min;Drama;7.7;Robert Redford;Donald Sutherland;54,800,000
Airplane!;1980;88 min;Comedy;7.7;Jim Abrahams;David Zucker;83,400,000
Rupan sansei: Kariosutoro no shiro;1979;100 min;Animation, Adventure, Family;7.7;Hayao Miyazaki;Yasuo Yamada;
Halloween;1978;91 min;Horror, Thriller;7.7;John Carpenter;Donald Pleasence;47,000,000
Le locataire;1976;126 min;Drama, Thriller;7.7;Roman Polanski;Roman Polanski;1,924,733
Love and Death;1975;85 min;Comedy, War;7.7;Woody Allen;Woody Allen;
The Taking of Pelham One Two Three;1974;104 min;Action, Crime, Thriller;7.7;Joseph Sargent;Walter Matthau;
Blazing Saddles;1974;93 min;Comedy, Western;7.7;Mel Brooks;Cleavon Little;119,500,000
Serpico;1973;130 min;Biography, Crime, Drama;7.7;Sidney Lumet;Al Pacino;29,800,000
Enter the Dragon;1973;102 min;Action, Crime, Drama;7.7;Robert Clouse;Bruce Lee;25,000,000
Deliverance;1972;109 min;Adventure, Drama, Thriller;7.7;John Boorman;Jon Voight;7,056,013
The French Connection;1971;104 min;Action, Crime, Drama;7.7;William Friedkin;Gene Hackman;15,630,710
Dirty Harry;1971;102 min;Action, Crime, Thriller;7.7;Don Siegel;Clint Eastwood;35,900,000
Where Eagles Dare;1968;158 min;Action, Adventure, War;7.7;Brian G. Hutton;Richard Burton;
The Odd Couple;1968;105 min;Comedy;7.7;Gene Saks;Jack Lemmon;44,527,234
The Dirty Dozen;1967;150 min;Action, Adventure, War;7.7;Robert Aldrich;Lee Marvin;45,300,000
Belle de jour;1967;100 min;Drama, Romance;7.7;Luis Buñuel;Catherine Deneuve;26,331
A Man for All Seasons;1966;120 min;Biography, Drama, History;7.7;Fred Zinnemann;Paul Scofield;28,350,000
Repulsion;1965;105 min;Drama, Horror, Thriller;7.7;Roman Polanski;Catherine Deneuve;
Zulu;1964;138 min;Drama, History, War;7.7;Cy Endfield;Stanley Baker;
Goldfinger;1964;110 min;Action, Adventure, Thriller;7.7;Guy Hamilton;Sean Connery;51,081,062
The Birds;1963;119 min;Drama, Horror, Mystery;7.7;Alfred Hitchcock;Rod Taylor;11,403,529
Cape Fear;1962;106 min;Drama, Thriller;7.7;J. Lee Thompson;Gregory Peck;
Peeping Tom;1960;101 min;Drama, Horror, Thriller;7.7;Michael Powell;Karlheinz Böhm;83,957
The Magnificent Seven;1960;128 min;Action, Adventure, Western;7.7;John Sturges;Yul Brynner;4,905,000
Les yeux sans visage;1960;90 min;Drama, Horror;7.7;Georges Franju;Pierre Brasseur;52,709
Invasion of the Body Snatchers;1956;80 min;Drama, Horror, Sci-Fi;7.7;Don Siegel;Kevin McCarthy;
Rebel Without a Cause;1955;111 min;Drama;7.7;Nicholas Ray;James Dean;
The Ladykillers;1955;91 min;Comedy, Crime;7.7;Alexander Mackendrick;Alec Guinness;
Sabrina;1954;113 min;Comedy, Drama, Romance;7.7;Billy Wilder;Humphrey Bogart;
The Quiet Man;1952;129 min;Comedy, Drama, Romance;7.7;John Ford;John Wayne;10,550,000
The Day the Earth Stood Still;1951;92 min;Drama, Sci-Fi;7.7;Robert Wise;Michael Rennie;
The African Queen;1951;105 min;Adventure, Drama, Romance;7.7;John Huston;Humphrey Bogart;536,118
Gilda;1946;110 min;Drama, Film-Noir, Romance;7.7;Charles Vidor;Rita Hayworth;
Fantasia;1940;125 min;Animation, Family, Fantasy;7.7;James Algar;Samuel Armstrong;76,408,097
The Invisible Man;1933;71 min;Horror, Sci-Fi;7.7;James Whale;Claude Rains;
Dark Waters;2019;126 min;Biography, Drama, History;7.6;Todd Haynes;Mark Ruffalo;
Searching;2018;102 min;Drama, Mystery, Thriller;7.6;Aneesh Chaganty;John Cho;26,020,957
Once Upon a Time... in Hollywood;2019;161 min;Comedy, Drama;7.6;Quentin Tarantino;Leonardo DiCaprio;142,502,728
Nelyubov;2017;127 min;Drama;7.6;Andrey Zvyagintsev;Maryana Spivak;566,356
The Florida Project;2017;111 min;Drama;7.6;Sean Baker;Brooklynn Prince;5,904,366
Just Mercy;2019;137 min;Biography, Crime, Drama;7.6;Destin Daniel Cretton;Michael B. Jordan;
Gifted;2017;101 min;Drama;7.6;Marc Webb;Chris Evans;24,801,212
The Peanut Butter Falcon;2019;97 min;Adventure, Comedy, Drama;7.6;Tyler Nilson;Michael Schwartz;13,122,642
Victoria;2015;138 min;Crime, Drama, Romance;7.6;Sebastian Schipper;Laia Costa;
Mustang;2015;97 min;Drama;7.6;Deniz Gamze Ergüven;Günes Sensoy;845,464
Guardians of the Galaxy Vol. 2;2017;136 min;Action, Adventure, Comedy;7.6;James Gunn;Chris Pratt;389,813,101
Baby Driver;2017;113 min;Action, Crime, Drama;7.6;Edgar Wright;Ansel Elgort;107,825,862
Only the Brave;2017;134 min;Action, Biography, Drama;7.6;Joseph Kosinski;Josh Brolin;18,340,051
Bridge of Spies;2015;142 min;Drama, History, Thriller;7.6;Steven Spielberg;Tom Hanks;72,313,754
Incredibles 2;2018;118 min;Animation, Action, Adventure;7.6;Brad Bird;Craig T. Nelson;608,581,744
Moana;2016;107 min;Animation, Adventure, Comedy;7.6;Ron Clements;John Musker;248,757,044
Sicario;2015;121 min;Action, Crime, Drama;7.6;Denis Villeneuve;Emily Blunt;46,889,293
Creed;2015;133 min;Drama, Sport;7.6;Ryan Coogler;Michael B. Jordan;109,767,581
Leviafan;2014;140 min;Crime, Drama;7.6;Andrey Zvyagintsev;Aleksey Serebryakov;1,092,800
Hell or High Water;2016;102 min;Action, Crime, Drama;7.6;David Mackenzie;Chris Pine;26,862,450
Philomena;2013;98 min;Biography, Comedy, Drama;7.6;Stephen Frears;Judi Dench;37,707,719
Dawn of the Planet of the Apes;2014;130 min;Action, Adventure, Drama;7.6;Matt Reeves;Gary Oldman;208,545,589
El cuerpo;2012;112 min;Mystery, Thriller;7.6;Oriol Paulo;Jose Coronado;
Serbuan maut;2011;101 min;Action, Thriller;7.6;Gareth Evans;Iko Uwais;4,105,123
End of Watch;2012;109 min;Action, Crime, Drama;7.6;David Ayer;Jake Gyllenhaal;41,003,371
Kari-gurashi no Arietti;2010;94 min;Animation, Adventure, Family;7.6;Hiromasa Yonebayashi;Amy Poehler;19,202,743
A Star Is Born;2018;136 min;Drama, Music, Romance;7.6;Bradley Cooper;Lady Gaga;215,288,866
True Grit;2010;110 min;Drama, Western;7.6;Ethan Coen;Joel Coen;171,243,005
Hævnen;2010;118 min;Drama, Romance;7.6;Susanne Bier;Mikael Persbrandt;1,008,098
Despicable Me;2010;95 min;Animation, Comedy, Crime;7.6;Pierre Coffin;Chris Renaud;251,513,985
50/50;2011;100 min;Comedy, Drama, Romance;7.6;Jonathan Levine;Joseph Gordon-Levitt;35,014,192
Kick-Ass;2010;117 min;Action, Comedy, Crime;7.6;Matthew Vaughn;Aaron Taylor-Johnson;48,071,303
Celda 211;2009;113 min;Action, Adventure, Crime;7.6;Daniel Monzón;Luis Tosar;
Moneyball;2011;133 min;Biography, Drama, Sport;7.6;Bennett Miller;Brad Pitt;75,605,492
La piel que habito;2011;120 min;Drama, Horror, Thriller;7.6;Pedro Almodóvar;Antonio Banderas;3,185,812
Zombieland;2009;88 min;Adventure, Comedy, Fantasy;7.6;Ruben Fleischer;Jesse Eisenberg;75,590,286
Die Welle;2008;107 min;Drama, Thriller;7.6;Dennis Gansel;Jürgen Vogel;
Sherlock Holmes;2009;128 min;Action, Adventure, Mystery;7.6;Guy Ritchie;Robert Downey Jr.;209,028,679
The Blind Side;2009;129 min;Biography, Drama, Sport;7.6;John Lee Hancock;Quinton Aaron;255,959,475
The Visitor;2007;104 min;Drama;7.6;Tom McCarthy;Richard Jenkins;9,422,422
Seven Pounds;2008;123 min;Drama;7.6;Gabriele Muccino;Will Smith;69,951,824
Eastern Promises;2007;100 min;Action, Crime, Drama;7.6;David Cronenberg;Naomi Watts;17,114,882
Stardust;2007;127 min;Adventure, Family, Fantasy;7.6;Matthew Vaughn;Charlie Cox;38,634,938
The Secret of Kells;2009;71 min;Animation, Adventure, Family;7.6;Tomm Moore;Nora Twomey;686,383
Inside Man;2006;129 min;Crime, Drama, Mystery;7.6;Spike Lee;Denzel Washington;88,513,495
Gone Baby Gone;2007;114 min;Crime, Drama, Mystery;7.6;Ben Affleck;Morgan Freeman;20,300,218
La Vie En Rose;2007;140 min;Biography, Drama, Music;7.6;Olivier Dahan;Marion Cotillard;10,301,706
Huo Yuan Jia;2006;104 min;Action, Biography, Drama;7.6;Ronny Yu;Jet Li;24,633,730
The Illusionist;2006;110 min;Drama, Fantasy, Mystery;7.6;Neil Burger;Edward Norton;39,868,642
Dead Man's Shoes;2004;90 min;Crime, Drama, Thriller;7.6;Shane Meadows;Paddy Considine;6,013
Harry Potter and the Half-Blood Prince;2009;153 min;Action, Adventure, Family;7.6;David Yates;Daniel Radcliffe;301,959,197
300;2006;117 min;Action, Drama;7.6;Zack Snyder;Gerard Butler;210,614,939
Match Point;2005;124 min;Drama, Romance, Thriller;7.6;Woody Allen;Scarlett Johansson;23,089,926
Watchmen;2009;162 min;Action, Drama, Mystery;7.6;Zack Snyder;Jackie Earle Haley;107,509,799
Lord of War;2005;122 min;Action, Crime, Drama;7.6;Andrew Niccol;Nicolas Cage;24,149,632
Saw;2004;103 min;Horror, Mystery, Thriller;7.6;James Wan;Cary Elwes;56,000,369
Synecdoche, New York;2008;124 min;Drama;7.6;Charlie Kaufman;Philip Seymour Hoffman;3,081,925
Mysterious Skin;2004;105 min;Drama;7.6;Gregg Araki;Brady Corbet;697,181
Jeux d'enfants;2003;93 min;Comedy, Drama, Romance;7.6;Yann Samuell;Guillaume Canet;548,707
Un long dimanche de fiançailles;2004;133 min;Drama, Mystery, Romance;7.6;Jean-Pierre Jeunet;Audrey Tautou;6,167,817
The Station Agent;2003;89 min;Comedy, Drama;7.6;Tom McCarthy;Peter Dinklage;5,739,376
21 Grams;2003;124 min;Crime, Drama, Thriller;7.6;Alejandro G. Iñárritu;Sean Penn;16,290,476
Boksuneun naui geot;2002;129 min;Crime, Drama, Thriller;7.6;Chan-wook Park;Kang-ho Song;45,289
Finding Neverland;2004;106 min;Biography, Drama, Family;7.6;Marc Forster;Johnny Depp;51,680,613
25th Hour;2002;135 min;Drama;7.6;Spike Lee;Edward Norton;13,060,843
The Butterfly Effect;2004;113 min;Drama, Sci-Fi, Thriller;7.6;Eric Bress;J. Mackye Gruber;57,938,693
28 Days Later...;2002;113 min;Drama, Horror, Sci-Fi;7.6;Danny Boyle;Cillian Murphy;45,064,915
Batoru rowaiaru;2000;114 min;Action, Adventure, Drama;7.6;Kinji Fukasaku;Tatsuya Fujiwara;
The Royal Tenenbaums;2001;110 min;Comedy, Drama;7.6;Wes Anderson;Gene Hackman;52,364,010
Y tu mamá también;2001;106 min;Drama;7.6;Alfonso Cuarón;Maribel Verdú;13,622,333
Harry Potter and the Sorcerer's Stone;2001;152 min;Adventure, Family, Fantasy;7.6;Chris Columbus;Daniel Radcliffe;317,575,550
The Others;2001;101 min;Horror, Mystery, Thriller;7.6;Alejandro Amenábar;Nicole Kidman;96,522,687
Blow;2001;124 min;Biography, Crime, Drama;7.6;Ted Demme;Johnny Depp;52,990,775
Enemy at the Gates;2001;131 min;Drama, History, War;7.6;Jean-Jacques Annaud;Jude Law;51,401,758
Minority Report;2002;145 min;Action, Crime, Mystery;7.6;Steven Spielberg;Tom Cruise;132,072,926
The Hurricane;1999;146 min;Biography, Drama, Sport;7.6;Norman Jewison;Denzel Washington;50,668,906
American Psycho;2000;101 min;Comedy, Crime, Drama;7.6;Mary Harron;Christian Bale;15,070,285
Lola rennt;1998;81 min;Crime, Drama, Thriller;7.6;Tom Tykwer;Franka Potente;7,267,585
The Thin Red Line;1998;170 min;Drama, War;7.6;Terrence Malick;Jim Caviezel;36,400,491
Mulan;1998;88 min;Animation, Adventure, Family;7.6;Tony Bancroft;Barry Cook;120,620,254
Fear and Loathing in Las Vegas;1998;118 min;Adventure, Comedy, Drama;7.6;Terry Gilliam;Johnny Depp;10,680,275
Funny Games;1997;108 min;Crime, Drama, Thriller;7.6;Michael Haneke;Susanne Lothar;
Dark City;1998;100 min;Mystery, Sci-Fi, Thriller;7.6;Alex Proyas;Rufus Sewell;14,378,331
Sleepers;1996;147 min;Crime, Drama, Thriller;7.6;Barry Levinson;Robert De Niro;49,100,000
Lost Highway;1997;134 min;Mystery, Thriller;7.6;David Lynch;Bill Pullman;3,796,699
Sense and Sensibility;1995;136 min;Drama, Romance;7.6;Ang Lee;Emma Thompson;43,182,776
Die Hard: With a Vengeance;1995;128 min;Action, Adventure, Thriller;7.6;John McTiernan;Bruce Willis;100,012,499
Dead Man;1995;121 min;Adventure, Drama, Fantasy;7.6;Jim Jarmusch;Johnny Depp;1,037,847
The Bridges of Madison County;1995;135 min;Drama, Romance;7.6;Clint Eastwood;Clint Eastwood;71,516,617
Apollo 13;;140 min;Adventure, Drama, History;7.6;Ron Howard;Tom Hanks;173,837,933
Trois couleurs: Blanc;1994;92 min;Comedy, Drama, Romance;7.6;Krzysztof Kieslowski;Zbigniew Zamachowski;1,464,625
Falling Down;1993;113 min;Action, Crime, Drama;7.6;Joel Schumacher;Michael Douglas;40,903,593
Dazed and Confused;1993;102 min;Comedy;7.6;Richard Linklater;Jason London;7,993,039
My Cousin Vinny;1992;120 min;Comedy, Crime;7.6;Jonathan Lynn;Joe Pesci;52,929,168
Omohide poro poro;1991;118 min;Animation, Drama, Romance;7.6;Isao Takahata;Miki Imai;453,243
Delicatessen;1991;99 min;Comedy, Crime;7.6;Marc Caro;Jean-Pierre Jeunet;1,794,187
Home Alone;1990;103 min;Comedy, Family;7.6;Chris Columbus;Macaulay Culkin;285,761,243
The Godfather: Part III;1990;162 min;Crime, Drama;7.6;Francis Ford Coppola;Al Pacino;66,666,062
When Harry Met Sally...;1989;95 min;Comedy, Drama, Romance;7.6;Rob Reiner;Billy Crystal;92,823,600
The Little Mermaid;1989;83 min;Animation, Family, Fantasy;7.6;Ron Clements;John Musker;111,543,479
The Naked Gun: From the Files of Police Squad!;1988;85 min;Comedy, Crime;7.6;David Zucker;Leslie Nielsen;78,756,177
Planes, Trains & Automobiles;1987;93 min;Comedy, Drama;7.6;John Hughes;Steve Martin;49,530,280
Lethal Weapon;1987;109 min;Action, Crime, Thriller;7.6;Richard Donner;Mel Gibson;65,207,127
Blood Simple;1984;99 min;Crime, Drama, Thriller;7.6;Joel Coen;Ethan Coen;2,150,000
On Golden Pond;1981;109 min;Drama;7.6;Mark Rydell;Katharine Hepburn;119,285,432
Mad Max 2;1981;96 min;Action, Adventure, Sci-Fi;7.6;George Miller;Mel Gibson;12,465,371
The Warriors;1979;92 min;Action, Crime, Thriller;7.6;Walter Hill;Michael Beck;22,490,039
The Muppet Movie;1979;95 min;Adventure, Comedy, Family;7.6;James Frawley;Jim Henson;76,657,000
Escape from Alcatraz;1979;112 min;Action, Biography, Crime;7.6;Don Siegel;Clint Eastwood;43,000,000
Watership Down;1978;91 min;Animation, Adventure, Drama;7.6;Martin Rosen;John Hubley;
Midnight Express;1978;121 min;Biography, Crime, Drama;7.6;Alan Parker;Brad Davis;35,000,000
Close Encounters of the Third Kind;1977;138 min;Drama, Sci-Fi;7.6;Steven Spielberg;Richard Dreyfuss;132,088,635
The Long Goodbye;1973;112 min;Comedy, Crime, Drama;7.6;Robert Altman;Elliott Gould;959,000
Giù la testa;1971;157 min;Drama, War, Western;7.6;Sergio Leone;Rod Steiger;696,690
Kelly's Heroes;1970;144 min;Adventure, Comedy, War;7.6;Brian G. Hutton;Clint Eastwood;1,378,435
The Jungle Book;1967;78 min;Animation, Adventure, Family;7.6;Wolfgang Reitherman;Phil Harris;141,843,612
Blowup;1966;111 min;Drama, Mystery, Thriller;7.6;Michelangelo Antonioni;David Hemmings;
A Hard Day's Night;1964;87 min;Comedy, Music, Musical;7.6;Richard Lester;John Lennon;13,780,024
Breakfast at Tiffany's;1961;115 min;Comedy, Drama, Romance;7.6;Blake Edwards;Audrey Hepburn;
Giant;1956;201 min;Drama, Western;7.6;George Stevens;Elizabeth Taylor;
From Here to Eternity;1953;118 min;Drama, Romance, War;7.6;Fred Zinnemann;Burt Lancaster;30,500,000
Lifeboat;1944;97 min;Drama, War;7.6;Alfred Hitchcock;Tallulah Bankhead;
The 39 Steps;1935;86 min;Crime, Mystery, Thriller;7.6;Alfred Hitchcock;Robert Donat;
